seed,sample_id,rank_full,rank_noLTP,rank_noSTI,ndcg10_full,ndcg10_noLTP,ndcg10_noSTI,overlap10_noLTP,overlap10_noSTI,driver
42,20001/1/151656,995,995,293,0.0,0.0,0.0,1.0,0.1,STI-driven
42,20001/4/94688,6370,6370,6644,0.0,0.0,0.0,1.0,0.1,STI-driven
42,20001/8/101794,64,64,239,0.0,0.0,0.0,1.0,0.1,STI-driven
42,20001/10/91481,257,257,311,0.0,0.0,0.0,1.0,0.1,STI-driven
42,20001/13/124771,5516,5516,1054,0.0,0.0,0.0,1.0,0.1,STI-driven
42,20057/3/205163,850,166,3783,0.0,0.0,0.0,0.5,0.2,Jointly-driven
42,20057/7/136632,41,84,48,0.0,0.0,0.0,0.7,0.3,STI-driven
42,20057/10/187028,301,68,2652,0.0,0.0,0.0,0.7,0.2,Jointly-driven
42,20058/8/183056,1010,366,3689,0.0,0.0,0.0,0.7,0.4,Jointly-driven
42,20058/12/141566,3460,1732,5745,0.0,0.0,0.0,0.5,0.4,Jointly-driven
42,20059/5/183056,1030,718,2358,0.0,0.0,0.0,0.6,0.5,Jointly-driven
42,20059/8/103896,422,184,2167,0.0,0.0,0.0,0.6,0.4,Jointly-driven
42,20059/17/99910,87,165,171,0.0,0.0,0.0,0.4,0.1,Jointly-driven
42,20098/11/205163,570,790,368,0.0,0.0,0.0,0.5,0.5,Jointly-driven
42,20098/17/181301,1222,1600,542,0.0,0.0,0.0,0.9,0.4,STI-driven
42,20112/3/185171,8,12,25,0.31546487678572877,0.0,0.0,0.5,0.1,Jointly-driven
42,20112/12/85082,278,793,211,0.0,0.0,0.0,0.5,0.1,Jointly-driven
42,20121/7/105589,1041,1478,526,0.0,0.0,0.0,0.8,0.2,STI-driven
42,20191/3/78874,172,172,84,0.0,0.0,0.0,1.0,0.1,STI-driven
42,20191/4/134643,176,176,412,0.0,0.0,0.0,1.0,0.1,STI-driven
42,20191/7/163739,930,930,2602,0.0,0.0,0.0,1.0,0.2,STI-driven
42,20191/10/78186,1119,1119,147,0.0,0.0,0.0,1.0,0.2,STI-driven
42,20191/13/108426,250,250,2466,0.0,0.0,0.0,1.0,0.0,STI-driven
42,20295/7/156293,2787,2787,6539,0.0,0.0,0.0,1.0,0.0,STI-driven
42,20295/7/87541,6218,6218,2710,0.0,0.0,0.0,1.0,0.0,STI-driven
42,20295/8/119062,459,459,5463,0.0,0.0,0.0,1.0,0.0,STI-driven
42,20300/9/165308,725,514,2636,0.0,0.0,0.0,0.7,0.1,STI-driven
42,20300/11/158006,33,19,1387,0.0,0.0,0.0,0.7,0.1,STI-driven
42,20301/5/85637,354,973,70,0.0,0.0,0.0,0.8,0.2,STI-driven
42,20301/10/196336,652,810,553,0.0,0.0,0.0,0.7,0.2,STI-driven
42,20378/3/188302,3732,4161,1380,0.0,0.0,0.0,0.8,0.0,STI-driven
42,20378/4/173253,1003,631,5489,0.0,0.0,0.0,0.8,0.0,STI-driven
42,20378/14/166069,692,447,1857,0.0,0.0,0.0,0.4,0.2,Jointly-driven
42,20379/4/80240,305,305,4839,0.0,0.0,0.0,1.0,0.0,STI-driven
42,20379/8/77161,5969,5969,127,0.0,0.0,0.0,1.0,0.0,STI-driven
42,20379/8/130591,5279,5279,237,0.0,0.0,0.0,1.0,0.0,STI-driven
42,20379/10/90253,3349,3349,202,0.0,0.0,0.0,1.0,0.0,STI-driven
42,20379/14/170060,931,931,2228,0.0,0.0,0.0,1.0,0.1,STI-driven
42,20379/14/86168,3278,3278,2317,0.0,0.0,0.0,1.0,0.1,STI-driven
42,20413/4/101775,293,420,298,0.0,0.0,0.0,0.7,0.0,STI-driven
42,20413/7/77115,2119,2562,2239,0.0,0.0,0.0,0.8,0.1,STI-driven
42,20454/1/89352,4692,4583,3644,0.0,0.0,0.0,0.7,0.0,Jointly-driven
42,20454/6/185065,5342,5602,2603,0.0,0.0,0.0,0.8,0.0,STI-driven
42,20454/10/152496,6480,6332,2915,0.0,0.0,0.0,0.8,0.0,STI-driven
42,20454/11/128167,2778,2608,3203,0.0,0.0,0.0,0.8,0.0,STI-driven
42,20454/16/107407,3232,3377,1943,0.0,0.0,0.0,0.8,0.0,Jointly-driven
42,20454/16/184951,1058,990,2671,0.0,0.0,0.0,0.8,0.0,Jointly-driven
42,20458/5/205163,377,401,545,0.0,0.0,0.0,0.8,0.2,STI-driven
42,20458/12/205695,402,166,2048,0.0,0.0,0.0,0.8,0.2,STI-driven
42,20543/10/169419,3,2,106,0.5,0.6309297535714575,0.0,0.8,0.1,STI-driven
42,20548/10/187714,2146,2146,733,0.0,0.0,0.0,1.0,0.1,STI-driven
42,20548/13/104180,3367,3367,65,0.0,0.0,0.0,1.0,0.1,STI-driven
42,20548/16/129416,541,541,924,0.0,0.0,0.0,1.0,0.1,STI-driven
42,20621/4/205163,172,132,309,0.0,0.0,0.0,0.8,0.4,STI-driven
42,20621/4/205744,2710,2642,2063,0.0,0.0,0.0,0.8,0.4,STI-driven
42,20621/7/205430,51,48,214,0.0,0.0,0.0,0.9,0.4,STI-driven
42,20621/7/124848,1283,922,1861,0.0,0.0,0.0,0.9,0.4,STI-driven
42,20639/5/99583,10,6,878,0.2890648263178879,0.3562071871080222,0.0,1.0,0.1,STI-driven
42,20639/7/205817,502,349,2705,0.0,0.0,0.0,0.9,0.0,STI-driven
42,20639/11/136632,72,89,350,0.0,0.0,0.0,0.9,0.0,STI-driven
42,20640/6/204331,22,55,32,0.0,0.0,0.0,0.8,0.0,STI-driven
42,20640/10/166052,446,676,472,0.0,0.0,0.0,0.6,0.1,Jointly-driven
42,20640/14/90253,200,286,453,0.0,0.0,0.0,0.5,0.0,Jointly-driven
42,20641/5/205163,172,163,181,0.0,0.0,0.0,0.9,0.3,STI-driven
42,20641/8/204974,1,1,99,1.0,1.0,0.0,0.9,0.3,STI-driven
42,20641/13/148947,6489,6544,4864,0.0,0.0,0.0,1.0,0.1,STI-driven
42,20641/19/90253,215,266,330,0.0,0.0,0.0,0.8,0.1,STI-driven
42,20641/24/162481,4776,5710,1097,0.0,0.0,0.0,0.9,0.1,STI-driven
42,20651/8/204974,1,1,4,1.0,1.0,0.43067655807339306,0.4,0.3,Jointly-driven
42,20651/10/205163,365,146,1252,0.0,0.0,0.0,0.5,0.3,Jointly-driven
42,20651/13/136632,5,13,17,0.38685280723454163,0.0,0.0,0.6,0.3,Jointly-driven
42,20651/16/114756,419,676,959,0.0,0.0,0.0,0.6,0.3,Jointly-driven
42,20652/4/204331,362,1081,15,0.0,0.0,0.0,0.8,0.4,STI-driven
42,20652/12/135571,199,290,142,0.0,0.0,0.0,0.8,0.1,STI-driven
42,20660/7/142933,132,329,100,0.0,0.0,0.0,0.5,0.3,Jointly-driven
42,20660/12/161313,88,210,68,0.0,0.0,0.0,0.4,0.4,Jointly-driven
42,20660/18/201436,1186,1312,2052,0.0,0.0,0.0,0.3,0.3,Jointly-driven
42,20682/5/101483,6600,6600,4333,0.0,0.0,0.0,1.0,0.0,STI-driven
42,20682/5/115463,3,3,24,0.5,0.5,0.0,1.0,0.0,STI-driven
42,20682/6/156624,3561,3561,4126,0.0,0.0,0.0,1.0,0.0,STI-driven
42,20686/2/115463,12,5,113,0.0,0.38685280723454163,0.0,0.7,0.5,Jointly-driven
42,20686/6/181327,464,718,332,0.0,0.0,0.0,0.3,0.6,Jointly-driven
42,20686/10/137955,1294,917,3310,0.0,0.0,0.0,0.7,0.4,Jointly-driven
42,20702/5/150957,215,140,2369,0.0,0.0,0.0,0.9,0.1,Jointly-driven
42,20702/9/86246,677,636,1501,0.0,0.0,0.0,0.9,0.2,STI-driven
42,20702/15/86428,164,204,87,0.0,0.0,0.0,0.9,0.3,STI-driven
42,20706/5/204331,224,287,1865,0.0,0.0,0.0,0.5,0.0,Jointly-driven
42,20706/7/83552,12,8,1616,0.0,0.31546487678572877,0.0,0.4,0.0,Jointly-driven
42,20706/12/204478,83,7,5399,0.0,0.3333333333333333,0.0,0.5,0.0,Jointly-driven
42,20707/2/204468,252,252,6699,0.0,0.0,0.0,1.0,0.0,STI-driven
42,20707/4/204334,26,26,1235,0.0,0.0,0.0,1.0,0.0,STI-driven
42,20707/4/141614,60,60,1183,0.0,0.0,0.0,1.0,0.0,STI-driven
42,20707/7/124545,401,401,318,0.0,0.0,0.0,1.0,0.0,STI-driven
42,20709/7/205163,406,308,915,0.0,0.0,0.0,0.6,0.2,STI-driven
42,20709/11/199831,452,586,324,0.0,0.0,0.0,0.6,0.2,STI-driven
42,20709/11/163398,911,2071,193,0.0,0.0,0.0,0.6,0.2,STI-driven
42,20709/14/78340,14,15,141,0.0,0.0,0.0,0.7,0.1,STI-driven
42,20709/14/204870,119,146,196,0.0,0.0,0.0,0.7,0.1,STI-driven
42,20712/5/205724,1637,655,6116,0.0,0.0,0.0,0.9,0.0,STI-driven
42,20712/5/206021,858,387,6077,0.0,0.0,0.0,0.9,0.0,STI-driven
42,20712/7/122604,4,2,856,0.43067655807339306,0.6309297535714575,0.0,0.8,0.0,Jointly-driven
42,20712/7/84854,21,26,257,0.0,0.0,0.0,0.8,0.0,Jointly-driven
42,20713/3/205163,494,437,734,0.0,0.0,0.0,0.7,0.1,Jointly-driven
42,20713/3/204870,119,154,136,0.0,0.0,0.0,0.7,0.1,Jointly-driven
42,20713/7/205435,90,222,38,0.0,0.0,0.0,0.6,0.2,Jointly-driven
42,20721/3/192815,181,195,1630,0.0,0.0,0.0,0.7,0.0,STI-driven
42,20721/6/83552,1,1,424,1.0,1.0,0.0,0.4,0.0,Jointly-driven
42,20721/8/93013,139,150,1238,0.0,0.0,0.0,0.4,0.0,Jointly-driven
42,20732/5/205435,49,108,17,0.0,0.0,0.0,0.9,0.3,STI-driven
42,20732/5/163398,459,666,522,0.0,0.0,0.0,0.9,0.3,STI-driven
42,20732/5/127115,23,21,140,0.0,0.0,0.0,0.9,0.3,STI-driven
42,20732/13/159885,342,309,502,0.0,0.0,0.0,0.7,0.1,STI-driven
42,20732/13/205724,2656,3826,1103,0.0,0.0,0.0,0.7,0.1,STI-driven
42,20735/10/198562,1655,2065,952,0.0,0.0,0.0,0.8,0.2,STI-driven
42,20735/12/150451,1198,1475,722,0.0,0.0,0.0,0.6,0.2,Jointly-driven
42,20735/13/178472,666,614,1031,0.0,0.0,0.0,0.6,0.2,Jointly-driven
42,20736/4/187028,1,1,5,1.0,1.0,0.38685280723454163,0.7,0.5,Jointly-driven
42,20736/4/204794,3477,3320,2849,0.0,0.0,0.0,0.7,0.5,Jointly-driven
42,20736/7/99244,40,31,96,0.0,0.0,0.0,0.6,0.5,Jointly-driven
42,20736/10/184418,14,29,8,0.0,0.0,0.31546487678572877,0.9,0.2,STI-driven
42,20737/3/83552,1,2,30,1.0,0.6309297535714575,0.0,0.7,0.1,Jointly-driven
42,20737/7/148947,6059,6211,4396,0.0,0.0,0.0,0.4,0.1,Jointly-driven
42,20737/13/78340,40,18,737,0.0,0.0,0.0,0.7,0.2,STI-driven
42,20737/14/204870,132,489,14,0.0,0.0,0.0,0.7,0.2,STI-driven
42,20741/4/206023,4523,3538,6644,0.0,0.0,0.0,0.9,0.1,STI-driven
42,20741/11/119144,1,4,1,1.0,0.43067655807339306,1.0,0.8,0.1,STI-driven
42,20741/14/177160,5,4,96,0.38685280723454163,0.43067655807339306,0.0,0.8,0.1,STI-driven
42,20757/7/204974,2,1,41,0.6309297535714575,1.0,0.0,0.7,0.3,Jointly-driven
42,20757/10/205163,201,124,583,0.0,0.0,0.0,0.7,0.2,Jointly-driven
42,20761/5/112069,6,5,216,0.3562071871080222,0.38685280723454163,0.0,0.6,0.2,STI-driven
42,20761/8/184098,119,165,104,0.0,0.0,0.0,0.5,0.3,Jointly-driven
42,20761/13/78340,31,13,595,0.0,0.0,0.0,0.7,0.2,Jointly-driven
42,20761/13/204870,90,140,67,0.0,0.0,0.0,0.7,0.2,Jointly-driven
42,20777/15/204974,4,15,20,0.43067655807339306,0.0,0.0,0.8,0.1,STI-driven
42,20777/17/191200,464,826,220,0.0,0.0,0.0,0.7,0.1,STI-driven
42,20778/8/204409,99,170,178,0.0,0.0,0.0,0.8,0.1,STI-driven
42,20778/11/158571,1134,1475,741,0.0,0.0,0.0,0.8,0.1,STI-driven
42,20778/13/150421,228,164,1289,0.0,0.0,0.0,0.7,0.1,STI-driven
42,20778/18/194237,214,163,985,0.0,0.0,0.0,0.6,0.2,Jointly-driven
42,20778/21/112719,90,191,92,0.0,0.0,0.0,0.6,0.3,Jointly-driven
42,20793/18/191200,215,402,141,0.0,0.0,0.0,0.7,0.1,STI-driven
42,20820/1/190692,1839,1575,2357,0.0,0.0,0.0,0.8,0.4,STI-driven
42,20820/3/177922,669,1109,258,0.0,0.0,0.0,0.7,0.4,Jointly-driven
42,20820/10/159885,14,16,371,0.0,0.0,0.0,0.8,0.0,STI-driven
42,20822/4/185139,248,140,558,0.0,0.0,0.0,0.5,0.5,Jointly-driven
42,20822/17/124142,48,111,25,0.0,0.0,0.0,0.6,0.4,Jointly-driven
42,20822/19/139510,259,164,913,0.0,0.0,0.0,0.6,0.4,Jointly-driven
42,20822/21/129239,3653,2976,4332,0.0,0.0,0.0,0.7,0.5,Jointly-driven
42,20824/3/175121,14,33,32,0.0,0.0,0.0,0.7,0.0,STI-driven
42,20824/12/184951,544,155,2172,0.0,0.0,0.0,0.5,0.4,Jointly-driven
42,20825/6/135485,57,29,447,0.0,0.0,0.0,0.8,0.2,STI-driven
42,20825/9/194044,1615,2795,383,0.0,0.0,0.0,0.7,0.1,STI-driven
42,20825/12/170277,5871,6873,189,0.0,0.0,0.0,0.6,0.1,STI-driven
42,20847/2/133249,263,430,210,0.0,0.0,0.0,0.4,0.4,Jointly-driven
42,20847/4/83552,4,2,283,0.43067655807339306,0.6309297535714575,0.0,0.4,0.4,Jointly-driven
42,20847/6/78418,172,72,1037,0.0,0.0,0.0,0.4,0.4,Jointly-driven
42,20847/7/80336,1890,1376,3172,0.0,0.0,0.0,0.4,0.4,Jointly-driven
42,20847/14/108801,22,33,164,0.0,0.0,0.0,0.6,0.4,Jointly-driven
42,20848/2/107514,1118,840,1401,0.0,0.0,0.0,0.8,0.3,STI-driven
42,20848/5/108278,436,948,76,0.0,0.0,0.0,0.7,0.3,STI-driven
42,20848/7/128782,672,774,516,0.0,0.0,0.0,0.7,0.3,STI-driven
42,20848/10/82894,55,271,6,0.0,0.0,0.3562071871080222,0.7,0.3,STI-driven
42,20855/4/152789,950,843,1894,0.0,0.0,0.0,0.7,0.4,STI-driven
42,20855/7/77293,13,12,40,0.0,0.0,0.0,0.8,0.2,STI-driven
42,20855/12/169313,6136,6457,4141,0.0,0.0,0.0,0.9,0.2,STI-driven
42,20855/13/131077,6341,5903,6504,0.0,0.0,0.0,0.9,0.2,STI-driven
42,20855/17/78943,5970,5999,5498,0.0,0.0,0.0,0.9,0.2,STI-driven
42,20855/20/108725,6088,5533,6485,0.0,0.0,0.0,0.8,0.2,STI-driven
42,20857/6/141566,1073,1266,972,0.0,0.0,0.0,0.8,0.3,STI-driven
42,20857/11/122604,11,13,35,0.0,0.0,0.0,0.9,0.2,STI-driven
42,20857/14/162481,2019,3007,665,0.0,0.0,0.0,0.9,0.4,STI-driven
42,20857/15/184418,13,10,202,0.0,0.2890648263178879,0.0,0.9,0.4,STI-driven
42,20862/6/193168,317,300,445,0.0,0.0,0.0,0.7,0.5,STI-driven
42,20862/11/148947,6840,6871,5576,0.0,0.0,0.0,0.8,0.1,STI-driven
42,20863/7/85612,1645,1529,1684,0.0,0.0,0.0,0.7,0.1,STI-driven
42,20863/10/134643,1247,996,1821,0.0,0.0,0.0,0.7,0.1,STI-driven
42,20863/10/78186,2021,1134,4109,0.0,0.0,0.0,0.7,0.1,STI-driven
42,20863/12/108426,481,491,1168,0.0,0.0,0.0,0.7,0.1,STI-driven
42,20863/12/141566,2251,2033,2911,0.0,0.0,0.0,0.7,0.1,STI-driven
42,20863/14/166052,292,293,590,0.0,0.0,0.0,0.8,0.1,STI-driven
42,20865/8/173035,1762,1555,3191,0.0,0.0,0.0,0.7,0.5,Jointly-driven
42,20865/13/189627,2671,3166,2568,0.0,0.0,0.0,0.7,0.5,Jointly-driven
42,20865/17/184418,6,4,18,0.3562071871080222,0.43067655807339306,0.0,0.7,0.5,Jointly-driven
42,20868/7/78186,1222,790,2882,0.0,0.0,0.0,0.5,0.3,Jointly-driven
42,20868/7/134643,187,47,2474,0.0,0.0,0.0,0.5,0.3,Jointly-driven
42,20868/9/141566,1499,674,4687,0.0,0.0,0.0,0.5,0.4,Jointly-driven
42,20868/9/108426,677,664,1472,0.0,0.0,0.0,0.5,0.4,Jointly-driven
42,20868/11/166052,727,874,966,0.0,0.0,0.0,0.7,0.5,Jointly-driven
42,20868/14/162481,992,630,2706,0.0,0.0,0.0,0.6,0.4,Jointly-driven
42,20869/5/78340,2,10,3,0.6309297535714575,0.2890648263178879,0.5,0.7,0.3,STI-driven
42,20869/7/204870,279,221,699,0.0,0.0,0.0,0.6,0.3,Jointly-driven
42,20869/11/205163,1043,370,4201,0.0,0.0,0.0,0.6,0.2,STI-driven
42,20871/2/105068,549,412,1379,0.0,0.0,0.0,0.7,0.4,Jointly-driven
42,20871/6/203730,2504,3374,792,0.0,0.0,0.0,0.7,0.4,STI-driven
42,20871/8/116824,5090,5328,4077,0.0,0.0,0.0,0.8,0.4,STI-driven
42,20871/16/136983,55,97,47,0.0,0.0,0.0,0.5,0.2,Jointly-driven
42,20871/19/121678,4418,4484,2497,0.0,0.0,0.0,0.5,0.2,Jointly-driven
42,20871/22/169487,560,457,1598,0.0,0.0,0.0,0.5,0.2,Jointly-driven
42,20872/4/98088,279,380,218,0.0,0.0,0.0,0.8,0.4,STI-driven
42,20872/4/165438,923,1564,366,0.0,0.0,0.0,0.8,0.4,STI-driven
42,20872/8/184605,2416,2550,1610,0.0,0.0,0.0,0.7,0.5,Jointly-driven
42,20872/11/189294,3605,4089,1937,0.0,0.0,0.0,0.9,0.3,STI-driven
42,20880/6/140704,1892,2105,2605,0.0,0.0,0.0,0.8,0.4,STI-driven
42,20880/14/187147,2246,2939,1532,0.0,0.0,0.0,0.8,0.3,STI-driven
42,20880/15/175969,434,731,206,0.0,0.0,0.0,0.8,0.3,STI-driven
42,20880/15/84028,5292,5490,4240,0.0,0.0,0.0,0.8,0.3,STI-driven
42,20900/5/125663,1919,1693,4101,0.0,0.0,0.0,0.8,0.2,STI-driven
42,20900/7/171202,220,275,233,0.0,0.0,0.0,0.7,0.3,STI-driven
42,20900/9/90975,3773,3341,5329,0.0,0.0,0.0,0.8,0.2,STI-driven
42,20905/7/171202,153,236,130,0.0,0.0,0.0,1.0,0.0,STI-driven
42,20905/12/144795,1492,1197,2349,0.0,0.0,0.0,0.7,0.2,Jointly-driven
42,20905/16/175165,352,791,78,0.0,0.0,0.0,0.6,0.2,STI-driven
42,20909/3/78340,16,20,11,0.0,0.0,0.0,1.0,0.4,STI-driven
42,20909/3/146962,3652,2907,6316,0.0,0.0,0.0,1.0,0.4,STI-driven
42,20909/6/199038,725,656,1446,0.0,0.0,0.0,0.8,0.3,STI-driven
42,20943/7/204974,3,3,41,0.5,0.5,0.0,0.8,0.1,STI-driven
42,20943/9/205163,336,377,325,0.0,0.0,0.0,0.7,0.1,STI-driven
42,20943/17/191200,724,955,367,0.0,0.0,0.0,0.7,0.1,STI-driven
42,20943/21/158903,277,577,134,0.0,0.0,0.0,0.8,0.4,STI-driven
42,20949/5/195012,54,58,176,0.0,0.0,0.0,0.8,0.0,STI-driven
42,20949/8/114633,3026,3777,1465,0.0,0.0,0.0,0.6,0.1,STI-driven
42,20949/11/137424,785,1135,542,0.0,0.0,0.0,0.8,0.1,STI-driven
42,20949/11/121484,2625,1709,5998,0.0,0.0,0.0,0.8,0.1,STI-driven
42,20964/9/204974,1,1,3,1.0,1.0,0.5,0.8,0.6,STI-driven
42,20964/15/113701,1153,736,3792,0.0,0.0,0.0,0.6,0.1,Jointly-driven
42,20967/9/78874,591,980,35,0.0,0.0,0.0,0.9,0.1,STI-driven
42,20967/9/113701,2924,2655,3771,0.0,0.0,0.0,0.9,0.1,STI-driven
42,20967/11/124142,394,703,14,0.0,0.0,0.0,0.9,0.1,STI-driven
42,20967/15/191200,600,632,589,0.0,0.0,0.0,0.8,0.2,Jointly-driven
42,20970/8/191200,388,510,391,0.0,0.0,0.0,0.7,0.2,STI-driven
42,20970/8/204974,2,1,47,0.6309297535714575,1.0,0.0,0.7,0.2,STI-driven
42,20970/9/141566,2257,3184,690,0.0,0.0,0.0,0.7,0.2,STI-driven
42,20970/11/124142,485,1045,44,0.0,0.0,0.0,0.7,0.2,STI-driven
42,20970/13/83552,5,5,136,0.38685280723454163,0.38685280723454163,0.0,0.7,0.2,STI-driven
42,20970/16/169085,491,237,3071,0.0,0.0,0.0,0.8,0.2,STI-driven
42,20974/5/206020,5089,4977,5373,0.0,0.0,0.0,0.7,0.2,STI-driven
42,20974/9/205430,175,71,1395,0.0,0.0,0.0,0.6,0.3,STI-driven
42,20974/14/95692,5816,5620,6037,0.0,0.0,0.0,0.8,0.0,STI-driven
42,20995/2/170119,3076,4200,83,0.0,0.0,0.0,0.7,0.0,STI-driven
42,20995/6/154844,49,65,37,0.0,0.0,0.0,1.0,0.0,STI-driven
42,20995/11/204974,95,157,5,0.0,0.0,0.38685280723454163,0.9,0.0,STI-driven
42,20995/17/149543,4584,5113,1267,0.0,0.0,0.0,0.6,0.0,STI-driven
42,21006/11/187028,1,1,60,1.0,1.0,0.0,1.0,0.0,STI-driven
42,21006/14/163704,70,70,1762,0.0,0.0,0.0,1.0,0.0,STI-driven
42,21006/16/205163,1803,1803,20,0.0,0.0,0.0,1.0,0.0,STI-driven
42,21018/2/161723,376,376,64,0.0,0.0,0.0,1.0,0.1,STI-driven
42,21018/2/81234,1238,1238,708,0.0,0.0,0.0,1.0,0.1,STI-driven
42,21018/6/205435,153,153,41,0.0,0.0,0.0,1.0,0.1,STI-driven
42,21019/2/135743,4938,4470,5308,0.0,0.0,0.0,0.5,0.1,Jointly-driven
42,21019/6/202190,47,64,74,0.0,0.0,0.0,0.6,0.2,Jointly-driven
42,21019/9/151837,1760,1621,2078,0.0,0.0,0.0,0.7,0.2,STI-driven
42,21019/9/134106,131,70,609,0.0,0.0,0.0,0.7,0.2,STI-driven
42,21022/5/193368,2245,1919,2632,0.0,0.0,0.0,0.8,0.4,STI-driven
42,21022/9/172109,1884,2038,1601,0.0,0.0,0.0,0.6,0.4,Jointly-driven
42,21022/12/182709,39,48,61,0.0,0.0,0.0,0.6,0.5,Jointly-driven
42,21024/3/89668,520,665,403,0.0,0.0,0.0,0.9,0.1,STI-driven
42,21024/3/94056,41,42,1037,0.0,0.0,0.0,0.9,0.1,STI-driven
42,21024/5/180224,83,92,1670,0.0,0.0,0.0,0.8,0.1,STI-driven
42,21024/9/112284,1579,1691,1736,0.0,0.0,0.0,0.8,0.1,STI-driven
42,21026/8/78186,1225,1133,1679,0.0,0.0,0.0,0.9,0.2,STI-driven
42,21026/8/143994,3641,3457,4797,0.0,0.0,0.0,0.8,0.2,STI-driven
42,21026/11/180224,70,88,385,0.0,0.0,0.0,0.9,0.2,STI-driven
42,21035/4/121366,44,36,487,0.0,0.0,0.0,0.7,0.3,Jointly-driven
42,21035/4/127525,376,344,791,0.0,0.0,0.0,0.7,0.3,Jointly-driven
42,21035/8/111540,37,61,41,0.0,0.0,0.0,0.5,0.4,Jointly-driven
42,21042/6/205934,5734,5734,1301,0.0,0.0,0.0,1.0,0.0,STI-driven
42,21042/12/149543,656,656,714,0.0,0.0,0.0,1.0,0.1,STI-driven
42,21051/2/161313,4,6,12,0.43067655807339306,0.3562071871080222,0.0,0.8,0.2,STI-driven
42,21051/2/148389,1015,639,5036,0.0,0.0,0.0,0.8,0.2,STI-driven
42,21051/7/101264,6,7,14,0.3562071871080222,0.3333333333333333,0.0,0.9,0.3,STI-driven
42,21051/7/101794,341,294,737,0.0,0.0,0.0,0.9,0.3,STI-driven
42,21059/10/204870,273,383,224,0.0,0.0,0.0,0.5,0.3,Jointly-driven
42,21063/5/183056,438,768,257,0.0,0.0,0.0,0.9,0.3,STI-driven
42,21063/13/91332,618,1288,146,0.0,0.0,0.0,0.5,0.5,Jointly-driven
42,21065/4/124485,55,9,2815,0.0,0.3010299956639812,0.0,0.5,0.2,Jointly-driven
42,21065/5/191205,209,219,544,0.0,0.0,0.0,0.5,0.2,Jointly-driven
42,21065/11/136983,306,558,221,0.0,0.0,0.0,0.8,0.1,STI-driven
42,21065/11/78186,678,354,3027,0.0,0.0,0.0,0.8,0.1,STI-driven
42,21073/2/78977,431,354,2590,0.0,0.0,0.0,0.8,0.4,STI-driven
42,21073/4/113068,6924,6924,6923,0.0,0.0,0.0,0.8,0.4,STI-driven
42,21073/5/103175,496,640,255,0.0,0.0,0.0,0.8,0.4,STI-driven
42,21073/8/78201,35,29,457,0.0,0.0,0.0,0.8,0.4,STI-driven
42,21073/11/181447,1268,1392,1869,0.0,0.0,0.0,0.8,0.3,STI-driven
42,21074/8/140749,5,9,188,0.38685280723454163,0.3010299956639812,0.0,0.6,0.1,Jointly-driven
42,21074/14/173253,620,455,1471,0.0,0.0,0.0,0.6,0.2,STI-driven
42,21074/19/135250,21,16,1743,0.0,0.0,0.0,0.6,0.0,Jointly-driven
42,21075/5/191200,581,1106,160,0.0,0.0,0.0,0.8,0.6,STI-driven
42,21075/8/83552,64,254,4,0.0,0.0,0.43067655807339306,0.5,0.4,Jointly-driven
42,21075/15/142069,510,589,835,0.0,0.0,0.0,0.6,0.3,Jointly-driven
42,21075/19/204974,19,41,85,0.0,0.0,0.0,0.4,0.3,Jointly-driven
42,21078/5/83552,2,2,2,0.6309297535714575,0.6309297535714575,0.6309297535714575,0.7,0.5,STI-driven
42,21078/7/204974,1,1,10,1.0,1.0,0.2890648263178879,0.7,0.5,STI-driven
42,21078/13/124142,993,1846,211,0.0,0.0,0.0,0.8,0.2,STI-driven
42,21086/7/205934,586,498,1227,0.0,0.0,0.0,0.7,0.2,STI-driven
42,21086/9/206032,5710,5330,5782,0.0,0.0,0.0,0.8,0.2,STI-driven
42,21086/13/141648,417,279,1212,0.0,0.0,0.0,0.8,0.2,STI-driven
42,21089/1/205934,374,655,314,0.0,0.0,0.0,0.7,0.3,STI-driven
42,21089/16/78418,16,9,572,0.0,0.3010299956639812,0.0,0.8,0.2,STI-driven
42,21113/3/139964,862,461,5775,0.0,0.0,0.0,0.6,0.0,STI-driven
42,21113/6/82876,3525,3147,4678,0.0,0.0,0.0,0.4,0.0,Jointly-driven
42,21116/3/155467,310,117,1697,0.0,0.0,0.0,0.5,0.3,Jointly-driven
42,21116/3/182709,167,85,628,0.0,0.0,0.0,0.5,0.3,Jointly-driven
42,21116/3/204409,107,83,445,0.0,0.0,0.0,0.5,0.3,Jointly-driven
42,21116/6/158571,548,857,386,0.0,0.0,0.0,0.4,0.3,Jointly-driven
42,21116/7/77066,80,62,603,0.0,0.0,0.0,0.4,0.3,Jointly-driven
42,21128/6/112346,376,292,1212,0.0,0.0,0.0,0.7,0.0,STI-driven
42,21128/9/175843,865,341,4084,0.0,0.0,0.0,0.6,0.0,STI-driven
42,21128/13/159991,2176,2182,2416,0.0,0.0,0.0,0.6,0.0,Jointly-driven
42,21142/3/188939,219,255,644,0.0,0.0,0.0,0.7,0.2,STI-driven
42,21142/7/195012,34,18,1024,0.0,0.0,0.0,0.7,0.1,STI-driven
42,21142/16/147279,432,254,5458,0.0,0.0,0.0,0.9,0.0,STI-driven
42,21169/7/205934,161,109,1572,0.0,0.0,0.0,0.9,0.3,STI-driven
42,21169/11/78340,8,17,6,0.31546487678572877,0.0,0.3562071871080222,0.8,0.3,STI-driven
42,21169/11/204870,177,172,377,0.0,0.0,0.0,0.8,0.3,STI-driven
42,21182/9/206029,5717,5132,6039,0.0,0.0,0.0,0.4,0.3,Jointly-driven
42,21182/13/149543,357,144,3674,0.0,0.0,0.0,0.6,0.1,Jointly-driven
42,21192/2/78340,19,14,67,0.0,0.0,0.0,0.8,0.4,STI-driven
42,21192/9/78418,12,9,116,0.0,0.3010299956639812,0.0,0.8,0.4,STI-driven
42,21192/14/116897,6853,6616,6913,0.0,0.0,0.0,0.8,0.4,STI-driven
42,21192/16/152789,209,144,1166,0.0,0.0,0.0,0.8,0.4,Jointly-driven
42,21192/16/119144,3,9,2,0.5,0.3010299956639812,0.6309297535714575,0.8,0.4,Jointly-driven
42,21193/10/80865,54,41,975,0.0,0.0,0.0,0.9,0.4,STI-driven
42,21204/5/173768,1351,2223,696,0.0,0.0,0.0,0.4,0.4,Jointly-driven
42,21204/5/135571,3,1,92,0.5,1.0,0.0,0.4,0.4,Jointly-driven
42,21204/13/205163,2197,2488,1152,0.0,0.0,0.0,0.5,0.2,Jointly-driven
42,21221/3/186465,605,235,3399,0.0,0.0,0.0,0.8,0.0,STI-driven
42,21221/3/160266,4147,5231,2117,0.0,0.0,0.0,0.8,0.0,STI-driven
42,21221/8/118669,1812,884,5491,0.0,0.0,0.0,0.8,0.0,STI-driven
42,21223/6/142910,135,241,72,0.0,0.0,0.0,0.9,0.2,STI-driven
42,21223/6/173785,819,727,960,0.0,0.0,0.0,0.9,0.2,STI-driven
42,21223/9/161313,10,9,27,0.2890648263178879,0.3010299956639812,0.0,0.9,0.2,STI-driven
42,21223/9/155370,3599,3397,4403,0.0,0.0,0.0,0.9,0.2,STI-driven
42,21224/5/119576,156,152,1040,0.0,0.0,0.0,0.9,0.1,STI-driven
42,21226/3/202418,86,59,2228,0.0,0.0,0.0,0.7,0.0,Jointly-driven
42,21226/4/187205,104,128,484,0.0,0.0,0.0,0.7,0.0,Jointly-driven
42,21226/7/178711,483,377,837,0.0,0.0,0.0,0.6,0.3,Jointly-driven
42,21238/4/91563,933,1179,1047,0.0,0.0,0.0,0.8,0.1,STI-driven
42,21238/12/158903,702,798,875,0.0,0.0,0.0,0.7,0.2,STI-driven
42,21249/5/92989,876,1146,1820,0.0,0.0,0.0,0.6,0.0,STI-driven
42,21249/9/157758,279,103,2501,0.0,0.0,0.0,0.6,0.1,STI-driven
42,21249/10/98088,36,39,296,0.0,0.0,0.0,0.6,0.1,STI-driven
42,21287/1/170037,6,12,24,0.3562071871080222,0.0,0.0,0.7,0.0,STI-driven
42,21287/2/157187,3603,3080,5486,0.0,0.0,0.0,0.7,0.0,STI-driven
42,21287/12/204334,436,863,275,0.0,0.0,0.0,0.5,0.0,Jointly-driven
42,21305/6/91089,5410,5456,4996,0.0,0.0,0.0,0.6,0.3,Jointly-driven
42,21305/6/106388,104,189,91,0.0,0.0,0.0,0.6,0.3,Jointly-driven
42,21305/9/100271,86,144,154,0.0,0.0,0.0,0.7,0.3,STI-driven
42,21305/9/120092,5,6,38,0.38685280723454163,0.3562071871080222,0.0,0.7,0.3,STI-driven
42,21315/1/190418,308,930,115,0.0,0.0,0.0,0.8,0.0,Jointly-driven
42,21315/9/143259,9,62,16,0.3010299956639812,0.0,0.0,0.3,0.4,Jointly-driven
42,21315/16/107420,30,60,86,0.0,0.0,0.0,0.5,0.2,Jointly-driven
42,21315/20/152497,958,260,4427,0.0,0.0,0.0,0.5,0.4,Jointly-driven
42,21317/7/204870,586,804,485,0.0,0.0,0.0,0.7,0.0,STI-driven
42,21317/9/78418,2679,3163,551,0.0,0.0,0.0,0.7,0.0,STI-driven
42,21318/3/142823,1065,1447,582,0.0,0.0,0.0,0.8,0.1,STI-driven
42,21318/5/82476,362,601,762,0.0,0.0,0.0,0.3,0.2,Jointly-driven
42,21318/7/111099,859,1535,749,0.0,0.0,0.0,0.3,0.2,Jointly-driven
42,21318/9/175096,163,1752,7,0.0,0.0,0.3333333333333333,0.3,0.2,Jointly-driven
42,21362/4/170376,191,534,13,0.0,0.0,0.0,0.7,0.3,STI-driven
42,21362/4/168664,907,1756,366,0.0,0.0,0.0,0.7,0.3,STI-driven
42,21362/4/151299,704,929,862,0.0,0.0,0.0,0.7,0.3,STI-driven
42,21368/5/101264,20,9,197,0.0,0.3010299956639812,0.0,0.5,0.4,Jointly-driven
42,21368/7/198355,3971,4023,4549,0.0,0.0,0.0,0.6,0.4,Jointly-driven
42,21368/10/126656,1439,1019,2871,0.0,0.0,0.0,0.7,0.4,Jointly-driven
42,21368/11/191200,611,478,1324,0.0,0.0,0.0,0.7,0.4,Jointly-driven
42,21384/7/112719,100,126,92,0.0,0.0,0.0,0.6,0.5,Jointly-driven
42,21384/8/199262,651,821,497,0.0,0.0,0.0,0.6,0.5,Jointly-driven
42,21384/12/170119,6,8,23,0.3562071871080222,0.31546487678572877,0.0,0.7,0.4,STI-driven
42,21394/3/123015,120,138,305,0.0,0.0,0.0,0.7,0.3,Jointly-driven
42,21394/3/140335,12,7,707,0.0,0.3333333333333333,0.0,0.7,0.3,Jointly-driven
42,21394/8/152847,7,26,4,0.3333333333333333,0.0,0.43067655807339306,0.4,0.3,Jointly-driven
42,21402/3/114560,117,134,448,0.0,0.0,0.0,0.9,0.1,STI-driven
42,21402/7/114109,920,1376,679,0.0,0.0,0.0,0.6,0.1,STI-driven
42,21402/8/132291,4480,4922,1726,0.0,0.0,0.0,0.6,0.1,STI-driven
42,21403/2/139199,6677,6878,2326,0.0,0.0,0.0,0.9,0.1,STI-driven
42,21403/6/175096,191,347,76,0.0,0.0,0.0,0.8,0.1,STI-driven
42,21405/6/77455,476,312,2361,0.0,0.0,0.0,0.9,0.2,STI-driven
42,21405/6/94056,584,485,745,0.0,0.0,0.0,0.9,0.2,STI-driven
42,21405/8/160038,631,773,827,0.0,0.0,0.0,0.9,0.2,STI-driven
42,21405/8/134101,2629,2856,3499,0.0,0.0,0.0,0.9,0.2,STI-driven
42,21409/3/122164,687,692,1067,0.0,0.0,0.0,0.7,0.2,STI-driven
42,21409/4/181299,449,252,1130,0.0,0.0,0.0,0.7,0.2,STI-driven
42,21409/5/121366,164,191,332,0.0,0.0,0.0,0.7,0.2,STI-driven
42,21410/4/159100,426,641,283,0.0,0.0,0.0,0.9,0.3,STI-driven
42,21410/5/135485,100,77,403,0.0,0.0,0.0,0.9,0.3,STI-driven
42,21410/8/202190,597,723,569,0.0,0.0,0.0,0.6,0.0,STI-driven
42,21411/4/112284,943,1289,247,0.0,0.0,0.0,0.9,0.2,STI-driven
42,21411/4/196366,115,112,1306,0.0,0.0,0.0,0.9,0.2,STI-driven
42,21411/8/180224,78,82,1091,0.0,0.0,0.0,0.8,0.2,STI-driven
42,21412/6/135634,5119,4759,5616,0.0,0.0,0.0,0.9,0.1,STI-driven
42,21412/8/199642,4911,4455,5379,0.0,0.0,0.0,0.8,0.1,STI-driven
42,21412/9/131811,4315,4513,3581,0.0,0.0,0.0,0.8,0.1,STI-driven
42,21412/9/174439,3436,3769,1800,0.0,0.0,0.0,0.8,0.1,STI-driven
42,21414/7/170059,271,205,1070,0.0,0.0,0.0,0.9,0.1,STI-driven
42,21418/10/193591,2344,3199,628,0.0,0.0,0.0,0.5,0.3,Jointly-driven
42,21418/10/160038,2707,3615,945,0.0,0.0,0.0,0.5,0.3,Jointly-driven
42,21419/4/84798,153,78,1312,0.0,0.0,0.0,0.8,0.5,Jointly-driven
42,21419/5/196132,2560,2469,2407,0.0,0.0,0.0,0.8,0.5,Jointly-driven
42,21419/8/115908,87,44,1225,0.0,0.0,0.0,0.8,0.4,Jointly-driven
42,21419/13/202418,3416,3816,1885,0.0,0.0,0.0,0.9,0.4,STI-driven
42,21419/13/81660,4095,4495,2151,0.0,0.0,0.0,0.9,0.4,STI-driven
42,21421/5/78340,14,18,5,0.0,0.0,0.38685280723454163,0.9,0.4,STI-driven
42,21421/5/161313,3,5,9,0.5,0.38685280723454163,0.3010299956639812,0.9,0.4,STI-driven
42,21421/8/118020,3844,3681,4312,0.0,0.0,0.0,0.8,0.5,STI-driven
42,21421/8/159166,2304,2408,2926,0.0,0.0,0.0,0.8,0.5,STI-driven
42,21464/3/204974,1,1,77,1.0,1.0,0.0,1.0,0.0,STI-driven
42,21464/3/184098,200,200,10,0.0,0.0,0.2890648263178879,1.0,0.0,STI-driven
42,21464/3/117958,1328,1328,6872,0.0,0.0,0.0,1.0,0.0,STI-driven
42,21464/4/188808,28,28,52,0.0,0.0,0.0,1.0,0.0,STI-driven
42,21464/7/88141,3,3,162,0.5,0.5,0.0,1.0,0.0,STI-driven
42,21464/12/86045,398,398,6234,0.0,0.0,0.0,1.0,0.0,STI-driven
42,21464/18/158006,248,248,289,0.0,0.0,0.0,1.0,0.0,STI-driven
42,21464/21/169419,336,336,43,0.0,0.0,0.0,1.0,0.0,STI-driven
42,21504/5/123015,119,124,652,0.0,0.0,0.0,0.6,0.3,Jointly-driven
42,21504/7/135788,6505,5980,6567,0.0,0.0,0.0,0.7,0.2,Jointly-driven
42,21504/11/202418,533,700,516,0.0,0.0,0.0,0.7,0.3,Jointly-driven
42,21509/5/194157,695,344,2587,0.0,0.0,0.0,0.6,0.0,Jointly-driven
42,21509/7/141576,2772,3587,2176,0.0,0.0,0.0,0.6,0.0,STI-driven
42,21530/6/101794,213,253,211,0.0,0.0,0.0,1.0,0.1,STI-driven
42,21530/6/161313,5,8,16,0.38685280723454163,0.31546487678572877,0.0,1.0,0.1,STI-driven
42,21530/10/85036,7,9,24,0.3333333333333333,0.3010299956639812,0.0,0.9,0.2,STI-driven
42,21530/10/114759,89,102,154,0.0,0.0,0.0,0.9,0.2,STI-driven
42,21568/6/195447,153,153,1263,0.0,0.0,0.0,1.0,0.1,STI-driven
42,21568/6/97820,746,746,6815,0.0,0.0,0.0,1.0,0.1,STI-driven
42,21568/9/165308,1307,1307,2096,0.0,0.0,0.0,1.0,0.1,STI-driven
42,21585/4/140771,443,982,91,0.0,0.0,0.0,0.6,0.1,Jointly-driven
42,21585/6/157783,2272,1979,3229,0.0,0.0,0.0,0.6,0.1,Jointly-driven
42,21585/8/90272,3399,1972,6558,0.0,0.0,0.0,0.5,0.1,Jointly-driven
42,21600/5/134726,347,516,316,0.0,0.0,0.0,0.8,0.1,STI-driven
42,21600/5/196668,62,48,1070,0.0,0.0,0.0,0.8,0.1,STI-driven
42,21600/7/95075,3582,3187,4936,0.0,0.0,0.0,0.7,0.2,Jointly-driven
42,21614/3/188057,329,400,244,0.0,0.0,0.0,0.8,0.0,STI-driven
42,21614/3/201744,462,411,1610,0.0,0.0,0.0,0.8,0.0,STI-driven
42,21614/6/122058,4003,4817,1395,0.0,0.0,0.0,0.6,0.0,STI-driven
42,21619/4/112277,3138,5478,73,0.0,0.0,0.0,0.3,0.0,Jointly-driven
42,21619/4/193166,4950,3915,6155,0.0,0.0,0.0,0.3,0.0,Jointly-driven
42,21619/7/172122,2426,2597,2256,0.0,0.0,0.0,0.5,0.0,Jointly-driven
42,21621/2/79278,128,217,620,0.0,0.0,0.0,0.5,0.0,Jointly-driven
42,21621/4/154716,2328,1391,6439,0.0,0.0,0.0,0.7,0.0,STI-driven
42,21621/6/104180,975,1451,367,0.0,0.0,0.0,0.7,0.0,STI-driven
42,21622/1/205724,2688,2361,2835,0.0,0.0,0.0,0.9,0.2,STI-driven
42,21622/6/204974,1,3,25,1.0,0.5,0.0,0.8,0.1,STI-driven
42,21622/8/78418,17,13,260,0.0,0.0,0.0,0.9,0.1,STI-driven
42,21623/3/185171,1523,1811,638,0.0,0.0,0.0,0.8,0.5,Jointly-driven
42,21623/7/180224,77,113,372,0.0,0.0,0.0,0.9,0.1,STI-driven
42,21623/7/167031,69,73,1236,0.0,0.0,0.0,0.9,0.1,STI-driven
42,21644/5/146640,3177,4186,303,0.0,0.0,0.0,0.9,0.3,STI-driven
42,21644/5/114560,1952,2585,564,0.0,0.0,0.0,0.9,0.3,STI-driven
42,21644/7/190814,297,308,434,0.0,0.0,0.0,0.7,0.3,STI-driven
42,21657/4/188165,390,331,2301,0.0,0.0,0.0,0.7,0.0,STI-driven
42,21657/4/129966,2567,3081,934,0.0,0.0,0.0,0.7,0.0,STI-driven
42,21657/7/147934,72,90,136,0.0,0.0,0.0,0.8,0.0,STI-driven
42,21657/8/101264,16,31,38,0.0,0.0,0.0,0.8,0.0,STI-driven
42,21661/4/141578,496,444,668,0.0,0.0,0.0,0.8,0.2,STI-driven
42,21661/7/196336,726,1021,186,0.0,0.0,0.0,0.7,0.2,STI-driven
42,21661/10/147826,1126,1079,1242,0.0,0.0,0.0,0.9,0.2,STI-driven
42,21671/5/204794,1411,1467,1117,0.0,0.0,0.0,0.6,0.3,Jointly-driven
42,21671/8/206056,4610,5870,1963,0.0,0.0,0.0,0.7,0.3,Jointly-driven
42,21671/12/198342,1869,1223,5568,0.0,0.0,0.0,0.7,0.1,STI-driven
42,21673/6/112737,3284,3000,4714,0.0,0.0,0.0,0.8,0.2,STI-driven
42,21673/6/122385,4,9,6,0.43067655807339306,0.3010299956639812,0.3562071871080222,0.8,0.2,STI-driven
42,21673/10/172122,1195,1353,1034,0.0,0.0,0.0,0.6,0.1,Jointly-driven
42,21674/4/161313,15,18,24,0.0,0.0,0.0,0.8,0.5,STI-driven
42,21674/11/204870,267,279,268,0.0,0.0,0.0,0.9,0.4,STI-driven
42,21674/21/148904,3,4,13,0.5,0.43067655807339306,0.0,0.7,0.4,Jointly-driven
42,21682/2/199831,2,9,8,0.6309297535714575,0.3010299956639812,0.31546487678572877,0.6,0.1,STI-driven
42,21682/4/180926,9,15,416,0.3010299956639812,0.0,0.0,0.6,0.1,STI-driven
42,21682/10/205435,24,137,14,0.0,0.0,0.0,0.5,0.1,Jointly-driven
42,21689/3/137821,395,353,1386,0.0,0.0,0.0,0.7,0.1,Jointly-driven
42,21689/5/194583,2027,3056,501,0.0,0.0,0.0,0.7,0.1,STI-driven
42,21689/8/150887,6,11,40,0.3562071871080222,0.0,0.0,0.8,0.1,STI-driven
42,21695/7/203386,2718,3016,2807,0.0,0.0,0.0,0.9,0.1,STI-driven
42,21695/7/113035,627,515,1121,0.0,0.0,0.0,0.9,0.1,STI-driven
42,21696/4/155969,236,236,198,0.0,0.0,0.0,1.0,0.1,STI-driven
42,21696/4/78418,126,126,14,0.0,0.0,0.0,1.0,0.1,STI-driven
42,21696/5/197213,14,14,68,0.0,0.0,0.0,1.0,0.1,STI-driven
42,21696/7/101264,31,31,63,0.0,0.0,0.0,1.0,0.1,STI-driven
42,21696/9/103896,1191,1191,134,0.0,0.0,0.0,1.0,0.1,STI-driven
42,21696/11/137465,1239,1239,2381,0.0,0.0,0.0,1.0,0.1,STI-driven
42,21705/2/204870,146,161,145,0.0,0.0,0.0,0.8,0.6,STI-driven
42,21705/7/184098,427,695,193,0.0,0.0,0.0,0.3,0.3,Jointly-driven
42,21705/7/111429,4640,4128,4157,0.0,0.0,0.0,0.3,0.3,Jointly-driven
42,21705/9/91332,129,312,27,0.0,0.0,0.0,0.8,0.4,STI-driven
42,21705/9/81385,582,743,473,0.0,0.0,0.0,0.8,0.4,STI-driven
42,21710/2/82894,294,247,446,0.0,0.0,0.0,0.8,0.3,STI-driven
42,21710/6/199831,40,54,472,0.0,0.0,0.0,0.4,0.0,Jointly-driven
42,21710/8/177283,6681,6564,4729,0.0,0.0,0.0,0.2,0.0,Jointly-driven
42,21710/9/140066,157,676,17,0.0,0.0,0.0,0.2,0.0,Jointly-driven
42,21710/13/169487,1961,1785,2089,0.0,0.0,0.0,0.7,0.0,STI-driven
42,21729/5/134157,1764,2214,1471,0.0,0.0,0.0,0.8,0.0,STI-driven
42,21729/6/204157,2550,2242,4739,0.0,0.0,0.0,0.8,0.0,STI-driven
42,21729/15/187061,2561,3455,596,0.0,0.0,0.0,0.8,0.0,STI-driven
42,21730/15/186228,717,1175,326,0.0,0.0,0.0,0.6,0.4,Jointly-driven
42,21773/6/197213,23,22,55,0.0,0.0,0.0,0.8,0.3,Jointly-driven
42,21773/6/146771,42,54,91,0.0,0.0,0.0,0.8,0.3,Jointly-driven
42,21773/7/157190,135,278,36,0.0,0.0,0.0,0.8,0.3,Jointly-driven
42,21779/1/204870,203,211,213,0.0,0.0,0.0,0.8,0.4,STI-driven
42,21779/5/205163,327,358,335,0.0,0.0,0.0,0.9,0.1,STI-driven
42,21779/7/78418,4,3,149,0.43067655807339306,0.5,0.0,0.9,0.1,STI-driven
42,21780/7/136983,99,73,276,0.0,0.0,0.0,0.9,0.3,STI-driven
42,21780/8/120948,1062,912,766,0.0,0.0,0.0,0.9,0.3,STI-driven
42,21780/13/178715,328,468,433,0.0,0.0,0.0,0.7,0.1,STI-driven
42,21781/7/138081,368,310,970,0.0,0.0,0.0,0.4,0.5,Jointly-driven
42,21781/7/188779,69,47,494,0.0,0.0,0.0,0.4,0.5,Jointly-driven
42,21781/9/85750,121,88,457,0.0,0.0,0.0,0.5,0.4,Jointly-driven
42,21781/15/111918,206,82,1001,0.0,0.0,0.0,0.7,0.4,Jointly-driven
42,21783/8/148505,395,539,907,0.0,0.0,0.0,0.8,0.0,STI-driven
42,21783/9/140066,2,25,11,0.6309297535714575,0.0,0.0,0.8,0.0,STI-driven
42,21783/15/178502,324,314,1530,0.0,0.0,0.0,0.6,0.0,STI-driven
42,21785/8/170119,4,4,74,0.43067655807339306,0.43067655807339306,0.0,1.0,0.0,STI-driven
42,21785/8/88751,16,16,356,0.0,0.0,0.0,1.0,0.0,STI-driven
42,21785/11/136463,580,580,610,0.0,0.0,0.0,1.0,0.0,STI-driven
42,21786/3/204870,216,224,283,0.0,0.0,0.0,0.8,0.4,STI-driven
42,21786/4/204974,1,1,4,1.0,1.0,0.43067655807339306,0.8,0.4,STI-driven
42,21786/11/132728,12,7,1285,0.0,0.3333333333333333,0.0,0.6,0.0,STI-driven
42,21786/12/140335,3,2,509,0.5,0.6309297535714575,0.0,0.6,0.0,STI-driven
42,21786/14/178711,24,25,687,0.0,0.0,0.0,0.7,0.0,STI-driven
42,21786/16/200103,6339,5996,6607,0.0,0.0,0.0,0.7,0.0,STI-driven
42,21787/6/79278,104,161,532,0.0,0.0,0.0,0.7,0.1,STI-driven
42,21787/8/145997,121,100,1604,0.0,0.0,0.0,0.7,0.1,STI-driven
42,21787/11/169617,2363,2409,1969,0.0,0.0,0.0,0.8,0.0,STI-driven
42,21788/5/205435,86,100,56,0.0,0.0,0.0,0.8,0.4,STI-driven
42,21788/6/185139,81,97,45,0.0,0.0,0.0,0.8,0.4,STI-driven
42,21788/6/134719,823,950,945,0.0,0.0,0.0,0.8,0.4,STI-driven
42,21788/7/134633,2303,2192,2163,0.0,0.0,0.0,0.8,0.4,STI-driven
42,21788/9/191947,345,429,761,0.0,0.0,0.0,0.9,0.5,STI-driven
42,21794/7/178984,71,120,115,0.0,0.0,0.0,0.8,0.5,STI-driven
42,21794/9/205163,174,135,329,0.0,0.0,0.0,0.8,0.5,STI-driven
42,21794/9/206044,5585,4696,6377,0.0,0.0,0.0,0.8,0.5,STI-driven
42,21794/14/205435,260,602,18,0.0,0.0,0.0,0.9,0.2,STI-driven
42,21799/9/91677,3144,3751,2929,0.0,0.0,0.0,0.7,0.1,STI-driven
42,21799/10/135858,4947,3108,6556,0.0,0.0,0.0,0.7,0.1,STI-driven
42,21805/5/160862,1605,1928,1316,0.0,0.0,0.0,0.7,0.3,STI-driven
42,21805/6/138311,238,301,316,0.0,0.0,0.0,0.7,0.3,STI-driven
42,21805/10/196757,915,955,1058,0.0,0.0,0.0,0.6,0.3,STI-driven
42,21807/4/90950,826,1988,33,0.0,0.0,0.0,0.9,0.1,STI-driven
42,21807/4/144550,2213,3748,204,0.0,0.0,0.0,0.9,0.1,STI-driven
42,21807/7/170277,4081,5621,288,0.0,0.0,0.0,0.7,0.1,STI-driven
42,21825/8/122385,24,27,95,0.0,0.0,0.0,0.5,0.2,Jointly-driven
42,21825/14/199831,33,30,144,0.0,0.0,0.0,0.6,0.1,Jointly-driven
42,21829/6/178096,69,90,275,0.0,0.0,0.0,0.5,0.1,Jointly-driven
42,21839/8/199831,605,612,662,0.0,0.0,0.0,0.6,0.2,STI-driven
42,21839/8/177283,6333,6376,4673,0.0,0.0,0.0,0.6,0.2,STI-driven
42,21841/6/200228,1969,1674,3858,0.0,0.0,0.0,0.5,0.1,Jointly-driven
42,21841/6/111776,165,224,289,0.0,0.0,0.0,0.5,0.1,Jointly-driven
42,21841/8/176100,1613,1495,2364,0.0,0.0,0.0,0.5,0.1,STI-driven
42,21841/8/198460,1205,2004,365,0.0,0.0,0.0,0.5,0.1,STI-driven
42,21843/6/193711,2042,2505,1302,0.0,0.0,0.0,0.9,0.1,STI-driven
42,21843/6/118637,1624,2188,1972,0.0,0.0,0.0,0.9,0.1,STI-driven
42,21852/6/107420,92,250,44,0.0,0.0,0.0,0.2,0.2,Jointly-driven
42,21852/8/131730,677,629,1268,0.0,0.0,0.0,0.4,0.2,Jointly-driven
42,21861/6/193034,78,93,281,0.0,0.0,0.0,0.8,0.1,STI-driven
42,21861/7/86245,219,94,2166,0.0,0.0,0.0,0.8,0.1,STI-driven
42,21861/11/204870,180,209,293,0.0,0.0,0.0,0.8,0.1,STI-driven
42,21863/2/204870,165,199,155,0.0,0.0,0.0,0.9,0.3,STI-driven
42,21863/3/161313,13,14,23,0.0,0.0,0.0,0.9,0.3,STI-driven
42,21863/3/151318,1171,1765,381,0.0,0.0,0.0,0.9,0.3,STI-driven
42,21863/7/127115,19,47,45,0.0,0.0,0.0,0.8,0.2,STI-driven
42,21863/7/192815,61,93,87,0.0,0.0,0.0,0.8,0.2,STI-driven
42,21865/5/98088,22,33,127,0.0,0.0,0.0,0.6,0.2,STI-driven
42,21866/6/141928,147,90,1561,0.0,0.0,0.0,0.5,0.2,Jointly-driven
42,21866/9/105916,3172,2826,4635,0.0,0.0,0.0,0.7,0.2,Jointly-driven
42,21866/9/111918,715,614,1363,0.0,0.0,0.0,0.7,0.2,Jointly-driven
42,21868/7/141928,372,301,1079,0.0,0.0,0.0,0.4,0.5,Jointly-driven
42,21868/7/174475,71,39,521,0.0,0.0,0.0,0.4,0.5,Jointly-driven
42,21868/11/116125,346,309,1074,0.0,0.0,0.0,0.4,0.5,Jointly-driven
42,21868/11/150451,165,158,536,0.0,0.0,0.0,0.4,0.5,Jointly-driven
42,21868/13/85159,1709,977,5479,0.0,0.0,0.0,0.5,0.4,Jointly-driven
42,21876/1/104711,5519,4810,6085,0.0,0.0,0.0,0.8,0.4,STI-driven
42,21876/4/112069,6,6,36,0.3562071871080222,0.3562071871080222,0.0,0.9,0.3,STI-driven
42,21876/7/111429,2051,2094,1569,0.0,0.0,0.0,0.9,0.3,STI-driven
42,21876/9/170305,188,179,321,0.0,0.0,0.0,0.9,0.3,STI-driven
42,21890/3/122604,1,1,5292,1.0,1.0,0.0,0.5,0.0,Jointly-driven
42,21890/6/140749,5,3,6246,0.38685280723454163,0.5,0.0,0.6,0.0,Jointly-driven
42,21890/6/81792,6,2,6540,0.3562071871080222,0.6309297535714575,0.0,0.6,0.0,Jointly-driven
42,21891/7/101264,88,463,26,0.0,0.0,0.0,0.6,0.2,STI-driven
42,21891/12/142823,1877,2272,1205,0.0,0.0,0.0,0.3,0.5,Jointly-driven
42,21892/5/84273,11,45,17,0.0,0.0,0.0,0.7,0.1,Jointly-driven
42,21892/10/193871,866,914,2158,0.0,0.0,0.0,0.5,0.1,Jointly-driven
42,21898/4/205435,4,35,2,0.43067655807339306,0.0,0.6309297535714575,0.5,0.1,Jointly-driven
42,21898/4/148120,23,54,144,0.0,0.0,0.0,0.5,0.1,Jointly-driven
42,21898/9/77806,1557,1282,3888,0.0,0.0,0.0,0.5,0.0,Jointly-driven
42,21905/3/204870,211,291,186,0.0,0.0,0.0,0.8,0.3,STI-driven
42,21905/3/141578,1146,1620,387,0.0,0.0,0.0,0.8,0.3,STI-driven
42,21905/4/130591,312,520,165,0.0,0.0,0.0,0.8,0.3,STI-driven
42,21905/4/77161,575,564,623,0.0,0.0,0.0,0.8,0.3,STI-driven
42,21911/7/76781,5790,6854,674,0.0,0.0,0.0,0.5,0.2,Jointly-driven
42,21913/6/147669,541,1609,154,0.0,0.0,0.0,0.5,0.2,Jointly-driven
42,21913/10/193041,3989,2363,6036,0.0,0.0,0.0,0.4,0.2,Jointly-driven
42,21921/2/205430,71,78,418,0.0,0.0,0.0,0.6,0.1,Jointly-driven
42,21921/6/77806,2507,2469,3525,0.0,0.0,0.0,0.6,0.2,Jointly-driven
42,21921/10/131730,1913,2281,1503,0.0,0.0,0.0,0.6,0.2,Jointly-driven
42,21926/2/146872,1290,1415,1582,0.0,0.0,0.0,0.6,0.1,Jointly-driven
42,21926/8/109487,2607,1166,5473,0.0,0.0,0.0,0.6,0.3,Jointly-driven
42,21937/4/148222,860,1106,953,0.0,0.0,0.0,0.9,0.5,STI-driven
42,21937/11/118338,407,148,3894,0.0,0.0,0.0,0.6,0.2,STI-driven
42,21941/4/79543,720,1001,566,0.0,0.0,0.0,0.8,0.2,STI-driven
42,21941/5/84001,99,150,132,0.0,0.0,0.0,0.8,0.2,STI-driven
42,21941/6/199642,5942,5364,6606,0.0,0.0,0.0,0.8,0.2,STI-driven
42,21941/9/99659,2604,2898,2805,0.0,0.0,0.0,0.7,0.2,STI-driven
42,21942/8/136000,17,14,739,0.0,0.0,0.0,0.6,0.1,STI-driven
42,21942/9/173575,36,18,3271,0.0,0.0,0.0,0.6,0.1,STI-driven
42,21942/13/80067,3,2,1682,0.5,0.6309297535714575,0.0,0.6,0.1,Jointly-driven
42,21954/3/204651,129,151,433,0.0,0.0,0.0,0.9,0.1,STI-driven
42,21954/5/127328,18,21,237,0.0,0.0,0.0,0.9,0.1,STI-driven
42,21954/5/152744,183,300,215,0.0,0.0,0.0,0.9,0.1,STI-driven
42,21954/10/123754,3958,3997,3807,0.0,0.0,0.0,0.9,0.1,STI-driven
42,21960/6/188260,5162,5447,3884,0.0,0.0,0.0,0.7,0.3,STI-driven
42,21960/9/168644,1136,676,2737,0.0,0.0,0.0,0.4,0.4,Jointly-driven
42,21960/12/87664,516,1325,213,0.0,0.0,0.0,0.5,0.3,Jointly-driven
42,21961/4/83396,5743,5520,5181,0.0,0.0,0.0,0.8,0.1,STI-driven
42,21961/4/126786,3365,2510,5823,0.0,0.0,0.0,0.8,0.1,STI-driven
42,21961/9/105031,114,144,544,0.0,0.0,0.0,0.5,0.2,Jointly-driven
42,21963/2/114560,384,548,259,0.0,0.0,0.0,0.9,0.1,STI-driven
42,21963/2/125515,5313,5654,3289,0.0,0.0,0.0,0.9,0.1,STI-driven
42,21963/4/104180,69,71,214,0.0,0.0,0.0,0.8,0.1,STI-driven
42,21963/4/150941,465,637,202,0.0,0.0,0.0,0.8,0.1,STI-driven
42,21974/3/185139,270,528,35,0.0,0.0,0.0,0.7,0.2,Jointly-driven
42,21974/6/120849,1015,591,2345,0.0,0.0,0.0,0.4,0.5,Jointly-driven
42,21975/3/202434,4017,3590,3158,0.0,0.0,0.0,0.9,0.2,STI-driven
42,21975/4/120003,363,222,995,0.0,0.0,0.0,0.9,0.2,STI-driven
42,21975/8/142933,1180,1222,1300,0.0,0.0,0.0,0.8,0.2,STI-driven
42,21975/12/154189,2863,2851,2285,0.0,0.0,0.0,0.7,0.2,STI-driven
42,21980/4/90486,48,64,227,0.0,0.0,0.0,0.8,0.1,STI-driven
42,21980/4/184098,8,7,33,0.31546487678572877,0.3333333333333333,0.0,0.8,0.1,STI-driven
42,21980/7/175522,14,19,251,0.0,0.0,0.0,0.7,0.1,STI-driven
42,21980/7/144701,772,837,1158,0.0,0.0,0.0,0.7,0.1,STI-driven
42,21985/6/157221,325,433,273,0.0,0.0,0.0,0.9,0.1,STI-driven
42,21985/6/153346,14,11,928,0.0,0.0,0.0,0.9,0.1,STI-driven
42,21985/10/204899,240,141,2717,0.0,0.0,0.0,0.9,0.2,STI-driven
42,21988/6/194556,550,686,431,0.0,0.0,0.0,0.8,0.2,STI-driven
42,21988/10/205194,2307,2324,2385,0.0,0.0,0.0,0.5,0.3,Jointly-driven
42,22009/2/98259,6141,5937,5892,0.0,0.0,0.0,0.7,0.3,STI-driven
42,22009/4/120722,254,323,549,0.0,0.0,0.0,0.7,0.1,STI-driven
42,22009/10/197186,1346,868,4289,0.0,0.0,0.0,0.5,0.1,Jointly-driven
42,22009/15/173899,1465,1733,2148,0.0,0.0,0.0,0.6,0.0,STI-driven
42,22026/8/152847,124,173,296,0.0,0.0,0.0,0.9,0.0,STI-driven
42,22026/11/107826,850,496,5376,0.0,0.0,0.0,0.6,0.0,STI-driven
42,22029/5/205353,801,1287,262,0.0,0.0,0.0,0.8,0.2,STI-driven
42,22029/9/150578,27,31,674,0.0,0.0,0.0,0.8,0.2,STI-driven
42,22029/16/199449,1145,742,4026,0.0,0.0,0.0,0.7,0.2,STI-driven
42,22032/2/204794,1055,1055,86,0.0,0.0,0.0,1.0,0.1,STI-driven
42,22032/2/99244,1820,1820,40,0.0,0.0,0.0,1.0,0.1,STI-driven
42,22032/3/81385,362,362,507,0.0,0.0,0.0,1.0,0.1,STI-driven
42,22032/3/141578,922,922,120,0.0,0.0,0.0,1.0,0.1,STI-driven
42,22032/7/184951,23,23,23,0.0,0.0,0.0,1.0,0.0,STI-driven
42,22036/8/100646,1526,1628,1389,0.0,0.0,0.0,0.8,0.1,STI-driven
42,22036/10/130891,5259,5688,553,0.0,0.0,0.0,1.0,0.1,STI-driven
42,22036/13/89668,1950,1996,940,0.0,0.0,0.0,0.9,0.1,STI-driven
42,22037/7/184691,1340,708,4879,0.0,0.0,0.0,0.5,0.2,Jointly-driven
42,22037/8/160437,5215,3720,5610,0.0,0.0,0.0,0.5,0.2,Jointly-driven
42,22037/11/169319,2836,4867,919,0.0,0.0,0.0,0.7,0.1,Jointly-driven
42,22059/5/204963,834,764,1426,0.0,0.0,0.0,0.8,0.3,STI-driven
42,22059/9/164364,323,279,1274,0.0,0.0,0.0,0.7,0.3,STI-driven
42,22064/4/140066,5,21,26,0.38685280723454163,0.0,0.0,0.6,0.1,STI-driven
42,22064/5/197200,86,202,36,0.0,0.0,0.0,0.6,0.1,STI-driven
42,22073/6/194600,1375,1048,5424,0.0,0.0,0.0,0.7,0.0,STI-driven
42,22073/8/176702,116,86,1668,0.0,0.0,0.0,0.7,0.0,STI-driven
42,22073/11/204870,682,1564,39,0.0,0.0,0.0,0.5,0.0,STI-driven
42,22080/8/117159,351,349,1046,0.0,0.0,0.0,0.6,0.0,Jointly-driven
42,22080/12/163586,2262,2636,2654,0.0,0.0,0.0,0.7,0.0,STI-driven
42,22083/6/140335,34,25,170,0.0,0.0,0.0,0.8,0.3,Jointly-driven
42,22083/8/192431,3043,3516,2122,0.0,0.0,0.0,0.6,0.3,Jointly-driven
42,22083/10/188311,2415,1745,4888,0.0,0.0,0.0,0.6,0.3,Jointly-driven
42,22087/5/152744,953,914,940,0.0,0.0,0.0,0.8,0.4,STI-driven
42,22087/7/139492,2076,2467,1143,0.0,0.0,0.0,0.8,0.6,Jointly-driven
42,22087/8/174475,99,106,111,0.0,0.0,0.0,0.8,0.6,Jointly-driven
42,22087/10/168161,2122,2108,1686,0.0,0.0,0.0,0.8,0.6,Jointly-driven
42,22095/5/205376,167,126,1460,0.0,0.0,0.0,0.6,0.3,STI-driven
42,22095/7/90253,263,396,302,0.0,0.0,0.0,0.4,0.4,Jointly-driven
42,22095/12/139333,172,137,1228,0.0,0.0,0.0,0.5,0.1,Jointly-driven
42,22105/5/176027,2190,1446,5577,0.0,0.0,0.0,0.7,0.1,Jointly-driven
42,22105/8/155969,447,625,536,0.0,0.0,0.0,0.6,0.0,Jointly-driven
42,22105/11/182674,101,118,1019,0.0,0.0,0.0,0.7,0.1,STI-driven
42,22109/3/110309,1220,1122,1509,0.0,0.0,0.0,0.8,0.0,STI-driven
42,22109/6/189328,1388,1802,842,0.0,0.0,0.0,0.9,0.1,STI-driven
42,22109/8/200523,710,300,2642,0.0,0.0,0.0,0.7,0.2,STI-driven
42,22109/9/144701,1750,2297,1081,0.0,0.0,0.0,0.7,0.2,STI-driven
42,22124/3/205430,67,48,438,0.0,0.0,0.0,0.8,0.6,STI-driven
42,22124/6/204904,1544,2048,766,0.0,0.0,0.0,0.6,0.4,Jointly-driven
42,22124/10/89838,6607,6388,6328,0.0,0.0,0.0,0.6,0.4,Jointly-driven
42,22128/6/96281,2,2,16,0.6309297535714575,0.6309297535714575,0.0,0.7,0.4,STI-driven
42,22128/8/179081,1678,2133,1822,0.0,0.0,0.0,0.8,0.4,STI-driven
42,22130/2/154844,10,10,538,0.2890648263178879,0.2890648263178879,0.0,0.9,0.0,STI-driven
42,22130/3/108278,3,8,11,0.5,0.31546487678572877,0.0,0.9,0.0,STI-driven
42,22130/3/101005,292,261,3648,0.0,0.0,0.0,0.9,0.0,STI-driven
42,22130/7/78418,242,403,166,0.0,0.0,0.0,0.9,0.0,STI-driven
42,22130/13/170277,42,70,189,0.0,0.0,0.0,0.8,0.0,STI-driven
42,22135/3/85159,1754,1610,3503,0.0,0.0,0.0,0.6,0.0,Jointly-driven
42,22135/4/150451,252,209,1718,0.0,0.0,0.0,0.6,0.0,Jointly-driven
42,22135/4/125280,312,162,3325,0.0,0.0,0.0,0.6,0.0,Jointly-driven
42,22135/6/166052,269,461,504,0.0,0.0,0.0,0.4,0.0,Jointly-driven
42,22135/9/174475,71,63,587,0.0,0.0,0.0,0.5,0.0,Jointly-driven
42,22135/13/98088,6,4,1001,0.3562071871080222,0.43067655807339306,0.0,0.5,0.0,Jointly-driven
42,22136/6/109911,5341,5775,3454,0.0,0.0,0.0,0.6,0.0,STI-driven
42,22136/10/158528,2358,1537,5052,0.0,0.0,0.0,0.8,0.0,STI-driven
42,22138/6/86397,662,780,1626,0.0,0.0,0.0,0.8,0.3,STI-driven
42,22138/6/100646,339,336,997,0.0,0.0,0.0,0.8,0.3,STI-driven
42,22139/2/136912,4144,4243,4037,0.0,0.0,0.0,0.9,0.3,STI-driven
42,22139/2/178715,150,232,159,0.0,0.0,0.0,0.9,0.3,STI-driven
42,22139/6/123589,2347,2478,1434,0.0,0.0,0.0,0.9,0.2,STI-driven
42,22139/6/109030,2902,2753,2653,0.0,0.0,0.0,0.9,0.2,STI-driven
42,22139/9/124457,860,813,2609,0.0,0.0,0.0,0.8,0.3,STI-driven
42,22158/4/184098,45,44,193,0.0,0.0,0.0,0.8,0.2,STI-driven
42,22158/4/111429,2979,2532,3612,0.0,0.0,0.0,0.8,0.2,STI-driven
42,22158/6/134106,19,19,56,0.0,0.0,0.0,0.9,0.2,STI-driven
42,22158/10/108195,62,34,1332,0.0,0.0,0.0,0.7,0.2,STI-driven
42,22158/12/78504,4367,3371,6363,0.0,0.0,0.0,0.8,0.2,STI-driven
42,22158/15/136632,20,10,196,0.0,0.2890648263178879,0.0,0.7,0.6,Jointly-driven
42,22159/6/147538,2258,2346,3300,0.0,0.0,0.0,0.6,0.3,Jointly-driven
42,22159/10/166729,783,1559,201,0.0,0.0,0.0,0.6,0.4,Jointly-driven
42,22159/14/174394,2976,2805,3857,0.0,0.0,0.0,0.8,0.2,STI-driven
42,22161/2/132674,2662,2272,3405,0.0,0.0,0.0,0.6,0.3,Jointly-driven
42,22161/5/184206,1431,868,3820,0.0,0.0,0.0,0.6,0.1,Jointly-driven
42,22161/10/156698,777,310,3901,0.0,0.0,0.0,0.6,0.2,STI-driven
42,22169/6/195012,30,14,1810,0.0,0.0,0.0,0.6,0.1,STI-driven
42,22169/12/170037,28,57,35,0.0,0.0,0.0,0.7,0.0,STI-driven
42,22175/9/96197,2386,3417,879,0.0,0.0,0.0,0.8,0.0,STI-driven
42,22175/16/98683,3928,5611,314,0.0,0.0,0.0,0.6,0.2,Jointly-driven
42,22185/5/195424,459,432,647,0.0,0.0,0.0,0.9,0.4,STI-driven
42,22185/10/198967,420,393,787,0.0,0.0,0.0,0.9,0.3,STI-driven
42,22185/10/127676,1116,841,2495,0.0,0.0,0.0,0.9,0.3,STI-driven
42,22185/17/202190,8,7,181,0.31546487678572877,0.3333333333333333,0.0,0.8,0.2,STI-driven
42,22190/5/205435,22,28,177,0.0,0.0,0.0,0.7,0.2,Jointly-driven
42,22190/7/148120,42,54,723,0.0,0.0,0.0,0.5,0.1,Jointly-driven
42,22190/8/107171,178,201,1288,0.0,0.0,0.0,0.5,0.1,Jointly-driven
42,22190/9/111776,145,127,1429,0.0,0.0,0.0,0.5,0.1,Jointly-driven
42,22200/6/191564,61,73,175,0.0,0.0,0.0,0.8,0.1,Jointly-driven
42,22200/6/191911,966,752,1975,0.0,0.0,0.0,0.8,0.1,Jointly-driven
42,22200/13/82153,2656,2738,3423,0.0,0.0,0.0,0.7,0.3,Jointly-driven
42,22200/13/172122,510,450,1481,0.0,0.0,0.0,0.7,0.3,Jointly-driven
42,22209/7/78418,1,1,130,1.0,1.0,0.0,0.7,0.3,STI-driven
42,22209/7/169419,16,23,52,0.0,0.0,0.0,0.7,0.3,STI-driven
42,22209/10/205163,295,301,402,0.0,0.0,0.0,0.9,0.3,STI-driven
42,22211/4/93115,387,305,1786,0.0,0.0,0.0,0.9,0.2,STI-driven
42,22211/7/105428,1474,1711,2395,0.0,0.0,0.0,0.6,0.0,STI-driven
42,22211/13/83814,1966,1638,2525,0.0,0.0,0.0,0.6,0.0,Jointly-driven
42,22212/5/196668,59,39,1028,0.0,0.0,0.0,0.3,0.4,Jointly-driven
42,22212/5/181546,225,271,582,0.0,0.0,0.0,0.3,0.4,Jointly-driven
42,22212/7/122126,221,418,192,0.0,0.0,0.0,0.5,0.4,Jointly-driven
42,22212/7/129992,2047,1288,3351,0.0,0.0,0.0,0.5,0.4,Jointly-driven
42,22213/8/191911,91,72,1316,0.0,0.0,0.0,0.8,0.1,Jointly-driven
42,22213/14/90768,1754,1500,4828,0.0,0.0,0.0,0.8,0.0,Jointly-driven
42,22213/22/119227,6648,6677,5734,0.0,0.0,0.0,0.9,0.4,STI-driven
42,22243/3/112719,93,129,91,0.0,0.0,0.0,0.7,0.5,STI-driven
42,22243/6/111488,238,184,1159,0.0,0.0,0.0,0.9,0.3,STI-driven
42,22243/6/158571,1146,1296,755,0.0,0.0,0.0,0.9,0.3,STI-driven
42,22267/2/184605,248,196,1609,0.0,0.0,0.0,0.7,0.1,STI-driven
42,22267/4/192815,91,198,63,0.0,0.0,0.0,0.5,0.1,Jointly-driven
42,22267/6/120948,162,127,630,0.0,0.0,0.0,0.4,0.2,Jointly-driven
42,22267/6/116125,275,342,517,0.0,0.0,0.0,0.4,0.2,Jointly-driven
42,22295/5/77161,34,11,682,0.0,0.0,0.0,0.7,0.4,Jointly-driven
42,22295/5/130591,61,109,68,0.0,0.0,0.0,0.7,0.4,Jointly-driven
42,22298/4/193168,177,218,206,0.0,0.0,0.0,1.0,0.0,STI-driven
42,22298/7/145723,742,1197,222,0.0,0.0,0.0,0.8,0.0,STI-driven
42,22298/9/205163,232,202,545,0.0,0.0,0.0,0.8,0.0,STI-driven
42,22298/12/204870,133,189,193,0.0,0.0,0.0,0.8,0.0,STI-driven
42,22299/7/109453,2821,4679,754,0.0,0.0,0.0,0.4,0.0,Jointly-driven
42,22326/4/80865,3163,2565,4217,0.0,0.0,0.0,0.8,0.4,STI-driven
42,22326/7/205756,4587,5123,3597,0.0,0.0,0.0,0.8,0.4,STI-driven
42,22326/10/204409,98,229,62,0.0,0.0,0.0,0.9,0.4,STI-driven
42,22326/12/196336,84,98,107,0.0,0.0,0.0,0.7,0.3,STI-driven
42,22326/13/91332,60,78,44,0.0,0.0,0.0,0.7,0.3,STI-driven
42,22326/13/152521,243,208,1009,0.0,0.0,0.0,0.7,0.3,STI-driven
42,22327/3/83552,2,2,33,0.6309297535714575,0.6309297535714575,0.0,1.0,0.1,STI-driven
42,22327/5/78480,1692,1692,315,0.0,0.0,0.0,1.0,0.1,STI-driven
42,22327/6/188808,1867,1867,52,0.0,0.0,0.0,1.0,0.1,STI-driven
42,22327/11/161723,670,670,64,0.0,0.0,0.0,1.0,0.0,STI-driven
42,22332/4/114932,391,305,627,0.0,0.0,0.0,0.7,0.3,Jointly-driven
42,22332/8/114759,261,414,155,0.0,0.0,0.0,0.6,0.4,Jointly-driven
42,22332/12/134105,574,373,1480,0.0,0.0,0.0,0.5,0.3,Jointly-driven
42,22348/6/140998,158,165,1768,0.0,0.0,0.0,0.8,0.0,STI-driven
42,22348/9/177112,125,105,2257,0.0,0.0,0.0,0.8,0.0,STI-driven
42,22348/14/191932,2,2,1105,0.6309297535714575,0.6309297535714575,0.0,0.7,0.0,STI-driven
42,22370/9/107350,390,295,1453,0.0,0.0,0.0,0.9,0.4,Jointly-driven
42,22370/11/184418,6,3,15,0.3562071871080222,0.5,0.0,0.7,0.5,STI-driven
42,22370/15/183184,133,104,697,0.0,0.0,0.0,0.8,0.5,STI-driven
42,22371/4/136586,1092,864,3514,0.0,0.0,0.0,0.6,0.1,Jointly-driven
42,22371/7/98683,348,497,568,0.0,0.0,0.0,0.5,0.1,Jointly-driven
42,22371/11/93521,454,504,976,0.0,0.0,0.0,0.5,0.2,Jointly-driven
42,22372/7/144116,2619,1970,5414,0.0,0.0,0.0,0.6,0.3,Jointly-driven
42,22372/13/106233,903,868,1269,0.0,0.0,0.0,0.5,0.3,Jointly-driven
42,22372/17/146870,5335,5141,5442,0.0,0.0,0.0,0.4,0.3,Jointly-driven
42,22415/10/169419,4,3,63,0.43067655807339306,0.5,0.0,0.5,0.3,Jointly-driven
42,22415/10/136632,123,192,137,0.0,0.0,0.0,0.5,0.3,Jointly-driven
42,22418/12/139205,53,34,319,0.0,0.0,0.0,0.6,0.3,Jointly-driven
42,22418/18/118338,92,84,327,0.0,0.0,0.0,0.7,0.4,Jointly-driven
42,22459/10/146870,2589,2947,3140,0.0,0.0,0.0,0.5,0.5,Jointly-driven
42,22459/10/88393,5204,4407,6104,0.0,0.0,0.0,0.5,0.5,Jointly-driven
42,22459/15/187028,961,1680,247,0.0,0.0,0.0,0.4,0.5,Jointly-driven
42,22459/19/84831,4157,2259,6277,0.0,0.0,0.0,0.4,0.3,Jointly-driven
42,22466/4/122604,263,263,3,0.0,0.0,0.5,1.0,0.1,STI-driven
42,22466/8/205724,398,398,1061,0.0,0.0,0.0,1.0,0.1,STI-driven
42,22466/8/159885,13,13,38,0.0,0.0,0.0,1.0,0.1,STI-driven
42,22466/11/177108,405,405,2472,0.0,0.0,0.0,1.0,0.1,STI-driven
42,22466/15/109211,2800,2800,645,0.0,0.0,0.0,1.0,0.1,STI-driven
42,22466/18/204974,2,2,77,0.6309297535714575,0.6309297535714575,0.0,1.0,0.0,STI-driven
42,22479/5/123995,88,101,187,0.0,0.0,0.0,0.8,0.5,STI-driven
42,22479/9/194202,62,57,191,0.0,0.0,0.0,0.6,0.5,Jointly-driven
42,22479/22/154844,25,35,38,0.0,0.0,0.0,1.0,0.5,STI-driven
42,22482/8/204974,1,1,3,1.0,1.0,0.5,0.9,0.2,STI-driven
42,22482/8/205435,421,720,80,0.0,0.0,0.0,0.9,0.2,STI-driven
42,22482/8/204331,405,1032,12,0.0,0.0,0.0,0.9,0.2,STI-driven
42,22482/11/205724,2258,2413,1631,0.0,0.0,0.0,1.0,0.3,STI-driven
42,22482/11/159885,634,1009,168,0.0,0.0,0.0,1.0,0.3,STI-driven
42,22482/16/111776,823,1498,137,0.0,0.0,0.0,0.7,0.0,STI-driven
42,22482/16/84273,66,170,47,0.0,0.0,0.0,0.7,0.0,STI-driven
42,22482/16/160690,875,1166,661,0.0,0.0,0.0,0.7,0.0,STI-driven
42,22512/7/77707,73,56,493,0.0,0.0,0.0,0.9,0.5,STI-driven
42,22512/9/133249,14,19,11,0.0,0.0,0.0,0.8,0.5,STI-driven
42,22531/1/205375,1124,1130,1219,0.0,0.0,0.0,0.8,0.3,STI-driven
42,22531/4/162658,268,224,704,0.0,0.0,0.0,0.9,0.3,STI-driven
42,22531/5/200871,1115,1316,1150,0.0,0.0,0.0,0.9,0.3,STI-driven
42,22532/2/204870,124,192,75,0.0,0.0,0.0,0.8,0.2,STI-driven
42,22532/8/90747,314,225,2916,0.0,0.0,0.0,0.6,0.0,STI-driven
42,22532/13/123015,126,132,677,0.0,0.0,0.0,0.5,0.0,Jointly-driven
42,22536/6/150941,595,1169,440,0.0,0.0,0.0,0.6,0.0,Jointly-driven
42,22536/9/197345,1240,751,5090,0.0,0.0,0.0,0.8,0.1,STI-driven
42,22536/11/152744,33,38,494,0.0,0.0,0.0,0.7,0.0,STI-driven
42,22548/8/150451,169,168,741,0.0,0.0,0.0,0.7,0.0,STI-driven
42,22548/8/181301,61,67,424,0.0,0.0,0.0,0.7,0.0,STI-driven
42,22548/10/157394,54,53,338,0.0,0.0,0.0,0.6,0.0,STI-driven
42,22548/10/90253,161,346,125,0.0,0.0,0.0,0.6,0.0,STI-driven
42,22551/4/168388,2255,2358,2773,0.0,0.0,0.0,0.8,0.4,STI-driven
42,22551/6/166010,479,306,3551,0.0,0.0,0.0,0.8,0.4,STI-driven
42,22551/8/204974,1,1,2,1.0,1.0,0.6309297535714575,0.9,0.3,STI-driven
42,22551/9/205163,170,135,600,0.0,0.0,0.0,0.9,0.3,STI-driven
42,22556/9/203619,62,29,3096,0.0,0.0,0.0,0.7,0.4,STI-driven
42,22556/13/163708,87,65,2045,0.0,0.0,0.0,0.8,0.4,STI-driven
42,22556/15/108278,2,2,18,0.6309297535714575,0.6309297535714575,0.0,0.7,0.2,STI-driven
42,22563/1/141788,92,92,431,0.0,0.0,0.0,1.0,0.0,STI-driven
42,22563/2/170277,7,7,220,0.3333333333333333,0.3333333333333333,0.0,1.0,0.0,STI-driven
42,22563/4/141928,1769,1769,387,0.0,0.0,0.0,1.0,0.0,STI-driven
42,22563/7/183056,162,162,590,0.0,0.0,0.0,1.0,0.0,STI-driven
42,22563/8/135571,113,113,50,0.0,0.0,0.0,1.0,0.0,STI-driven
42,22563/11/138962,30,30,5,0.0,0.0,0.38685280723454163,1.0,0.0,STI-driven
42,22576/4/99276,40,40,85,0.0,0.0,0.0,1.0,0.0,STI-driven
42,22576/5/83552,20,20,33,0.0,0.0,0.0,1.0,0.0,STI-driven
42,22576/7/184098,43,43,10,0.0,0.0,0.2890648263178879,1.0,0.1,STI-driven
42,22576/9/111429,2191,2191,209,0.0,0.0,0.0,1.0,0.1,STI-driven
42,22589/3/150941,366,366,591,0.0,0.0,0.0,1.0,0.0,STI-driven
42,22589/5/97153,3877,3877,4223,0.0,0.0,0.0,1.0,0.0,STI-driven
42,22589/12/92441,2077,2077,4331,0.0,0.0,0.0,1.0,0.0,STI-driven
42,22589/14/171914,2094,2094,228,0.0,0.0,0.0,1.0,0.0,STI-driven
42,22589/19/188293,5703,5703,2652,0.0,0.0,0.0,1.0,0.0,STI-driven
42,22596/1/141210,279,311,485,0.0,0.0,0.0,0.6,0.0,STI-driven
42,22596/5/93839,2670,2303,3599,0.0,0.0,0.0,0.5,0.0,STI-driven
42,22596/9/122138,655,1257,1041,0.0,0.0,0.0,0.4,0.0,Jointly-driven
42,22630/6/159885,248,350,154,0.0,0.0,0.0,0.7,0.6,Jointly-driven
42,22630/11/76706,3428,2092,5251,0.0,0.0,0.0,0.6,0.4,Jointly-driven
42,22630/16/205182,5638,6013,4059,0.0,0.0,0.0,0.5,0.5,Jointly-driven
42,22630/17/159194,6143,6743,2251,0.0,0.0,0.0,0.5,0.5,Jointly-driven
42,22691/5/96707,32,44,66,0.0,0.0,0.0,0.7,0.6,STI-driven
42,22691/9/161498,14,17,15,0.0,0.0,0.0,0.9,0.5,STI-driven
42,22706/4/142895,6529,6517,6238,0.0,0.0,0.0,0.8,0.6,Jointly-driven
42,22706/7/119662,1712,2077,1057,0.0,0.0,0.0,0.9,0.5,STI-driven
42,22706/10/107826,598,598,597,0.0,0.0,0.0,0.5,0.5,Jointly-driven
42,22707/4/79698,3261,4802,843,0.0,0.0,0.0,0.3,0.4,Jointly-driven
42,22707/9/142895,4048,2658,6365,0.0,0.0,0.0,0.6,0.2,Jointly-driven
42,22707/15/119662,2510,3645,1055,0.0,0.0,0.0,0.6,0.3,Jointly-driven
42,22707/15/189705,71,133,129,0.0,0.0,0.0,0.6,0.3,Jointly-driven
42,22721/3/98740,1471,1376,4868,0.0,0.0,0.0,0.9,0.2,STI-driven
42,22721/4/77376,87,88,164,0.0,0.0,0.0,0.9,0.2,STI-driven
42,22730/1/199385,99,99,621,0.0,0.0,0.0,1.0,0.1,STI-driven
42,22730/3/120092,1265,1265,28,0.0,0.0,0.0,1.0,0.0,STI-driven
42,22730/6/109453,98,98,1395,0.0,0.0,0.0,1.0,0.0,STI-driven
42,22730/9/206080,5962,5962,3823,0.0,0.0,0.0,1.0,0.0,STI-driven
42,22730/12/155661,5730,5730,1476,0.0,0.0,0.0,1.0,0.0,STI-driven
42,22730/14/89668,1082,1082,110,0.0,0.0,0.0,1.0,0.0,STI-driven
42,22760/4/191297,350,265,951,0.0,0.0,0.0,0.7,0.4,STI-driven
42,22760/4/202190,269,413,143,0.0,0.0,0.0,0.7,0.4,STI-driven
42,22760/4/107826,4423,2736,5424,0.0,0.0,0.0,0.7,0.4,STI-driven
42,22760/7/134064,2828,3512,1487,0.0,0.0,0.0,0.6,0.3,Jointly-driven
42,22760/9/174755,334,83,2963,0.0,0.0,0.0,0.3,0.4,Jointly-driven
42,22760/11/142895,5206,5618,3990,0.0,0.0,0.0,0.3,0.4,Jointly-driven
42,22799/6/77161,6,3,838,0.3562071871080222,0.5,0.0,1.0,0.3,STI-driven
42,22799/10/127019,1562,1934,346,0.0,0.0,0.0,0.9,0.3,STI-driven
42,22801/5/157878,1789,1674,4490,0.0,0.0,0.0,0.8,0.0,STI-driven
42,22801/9/113701,762,540,3325,0.0,0.0,0.0,0.7,0.0,STI-driven
42,22817/7/153346,16,16,114,0.0,0.0,0.0,1.0,0.0,STI-driven
42,22817/8/160661,38,38,455,0.0,0.0,0.0,1.0,0.0,STI-driven
42,22817/13/169012,1459,1459,325,0.0,0.0,0.0,1.0,0.0,STI-driven
42,22841/2/88141,4,4,12,0.43067655807339306,0.43067655807339306,0.0,1.0,0.1,STI-driven
42,22841/4/82497,5507,5441,5118,0.0,0.0,0.0,0.9,0.1,STI-driven
42,22841/6/111540,1,1,4,1.0,1.0,0.43067655807339306,0.8,0.1,STI-driven
42,22841/10/114932,206,233,144,0.0,0.0,0.0,0.9,0.1,STI-driven
42,22865/2/204651,333,468,355,0.0,0.0,0.0,0.7,0.1,STI-driven
42,22865/5/179035,6304,6266,5071,0.0,0.0,0.0,0.8,0.1,STI-driven
42,22865/8/146224,1977,1730,4540,0.0,0.0,0.0,0.8,0.1,STI-driven
42,22865/8/166603,838,882,2891,0.0,0.0,0.0,0.8,0.1,STI-driven
42,22865/9/187205,118,386,75,0.0,0.0,0.0,0.8,0.1,STI-driven
42,22865/12/80240,763,617,3539,0.0,0.0,0.0,0.8,0.0,STI-driven
42,22868/3/157924,3009,1812,6500,0.0,0.0,0.0,0.8,0.0,STI-driven
42,22868/4/148904,25,47,191,0.0,0.0,0.0,0.8,0.0,STI-driven
42,22868/8/141578,3393,4041,195,0.0,0.0,0.0,0.9,0.0,STI-driven
42,22868/22/122326,150,82,3743,0.0,0.0,0.0,0.6,0.0,STI-driven
42,22870/9/169487,867,636,1975,0.0,0.0,0.0,0.7,0.1,STI-driven
42,22870/14/198707,1634,1484,2592,0.0,0.0,0.0,0.8,0.1,STI-driven
42,22870/19/168664,348,352,1295,0.0,0.0,0.0,0.8,0.1,STI-driven
42,22906/5/99660,44,24,439,0.0,0.0,0.0,0.9,0.1,STI-driven
42,22906/8/117126,634,1337,81,0.0,0.0,0.0,0.7,0.2,STI-driven
42,22917/1/123210,337,381,515,0.0,0.0,0.0,0.7,0.3,STI-driven
42,22917/3/82894,68,92,98,0.0,0.0,0.0,0.9,0.2,STI-driven
42,22917/14/96140,5532,5179,5704,0.0,0.0,0.0,0.7,0.2,STI-driven
42,22917/16/94056,166,253,134,0.0,0.0,0.0,0.6,0.2,Jointly-driven
42,22924/4/203424,2,41,1,0.6309297535714575,0.0,1.0,0.4,0.3,Jointly-driven
42,22924/6/114231,703,316,4813,0.0,0.0,0.0,0.7,0.4,STI-driven
42,22929/3/199385,28,13,443,0.0,0.0,0.0,0.8,0.5,Jointly-driven
42,22929/5/107554,70,80,88,0.0,0.0,0.0,0.8,0.5,Jointly-driven
42,22929/8/102329,36,46,78,0.0,0.0,0.0,0.8,0.3,STI-driven
42,22932/4/105403,4803,4459,5003,0.0,0.0,0.0,0.8,0.3,STI-driven
42,22932/6/87867,686,470,1683,0.0,0.0,0.0,0.6,0.4,Jointly-driven
42,22939/2/82497,2648,2984,2386,0.0,0.0,0.0,0.7,0.3,STI-driven
42,22939/5/103400,2699,2039,4529,0.0,0.0,0.0,0.7,0.3,STI-driven
42,22939/5/199385,9,9,52,0.3010299956639812,0.3010299956639812,0.0,0.7,0.3,STI-driven
42,22939/7/129676,104,90,276,0.0,0.0,0.0,0.8,0.3,STI-driven
42,22939/10/149737,2369,2692,1849,0.0,0.0,0.0,0.8,0.3,STI-driven
42,22955/4/166583,79,101,298,0.0,0.0,0.0,0.7,0.2,Jointly-driven
42,22955/4/183582,573,572,1050,0.0,0.0,0.0,0.7,0.2,Jointly-driven
42,22955/6/119144,2,3,19,0.6309297535714575,0.5,0.0,0.6,0.3,Jointly-driven
42,22955/6/204974,1,1,7,1.0,1.0,0.3333333333333333,0.6,0.3,Jointly-driven
42,22956/4/115908,5,1,2794,0.38685280723454163,1.0,0.0,0.7,0.0,Jointly-driven
42,22956/5/177112,196,91,4369,0.0,0.0,0.0,0.7,0.0,Jointly-driven
42,22956/9/98028,3443,3419,2850,0.0,0.0,0.0,0.7,0.0,STI-driven
42,22958/3/202190,6,5,60,0.3562071871080222,0.38685280723454163,0.0,1.0,0.3,STI-driven
42,22958/5/194147,168,268,30,0.0,0.0,0.0,0.7,0.4,Jointly-driven
42,22958/7/201969,514,448,2018,0.0,0.0,0.0,0.9,0.3,STI-driven
42,22964/6/95083,4351,4408,4504,0.0,0.0,0.0,0.7,0.4,STI-driven
42,22964/10/184595,6176,5884,6178,0.0,0.0,0.0,0.8,0.4,STI-driven
42,22964/11/178413,6565,6427,6301,0.0,0.0,0.0,0.8,0.4,STI-driven
42,22964/15/185529,5456,5045,5806,0.0,0.0,0.0,0.7,0.4,STI-driven
42,22964/18/91095,6094,4167,6845,0.0,0.0,0.0,0.7,0.4,STI-driven
42,22966/3/204794,1471,1678,607,0.0,0.0,0.0,0.6,0.6,Jointly-driven
42,22966/6/187028,79,138,109,0.0,0.0,0.0,0.8,0.4,Jointly-driven
42,22966/14/199385,138,398,59,0.0,0.0,0.0,0.6,0.0,Jointly-driven
42,22966/16/194147,54,84,342,0.0,0.0,0.0,0.8,0.0,STI-driven
42,22972/6/88141,129,150,701,0.0,0.0,0.0,0.8,0.1,Jointly-driven
42,22972/8/111540,18,11,899,0.0,0.0,0.0,0.7,0.1,Jointly-driven
42,22972/24/151700,929,999,2379,0.0,0.0,0.0,0.3,0.2,Jointly-driven
42,22994/6/159885,161,224,80,0.0,0.0,0.0,0.8,0.3,STI-driven
42,22994/6/154844,52,78,62,0.0,0.0,0.0,0.8,0.3,STI-driven
42,22994/7/133249,50,102,11,0.0,0.0,0.0,0.8,0.3,STI-driven
42,22994/10/163696,3147,2949,4268,0.0,0.0,0.0,1.0,0.2,STI-driven
42,22994/12/198355,3115,3750,2962,0.0,0.0,0.0,0.8,0.3,STI-driven
42,22999/5/76042,159,220,183,0.0,0.0,0.0,0.8,0.4,STI-driven
42,22999/6/196132,2421,2118,2391,0.0,0.0,0.0,0.8,0.4,STI-driven
42,22999/10/115908,1136,1434,278,0.0,0.0,0.0,0.9,0.4,STI-driven
42,22999/13/198004,1783,2531,528,0.0,0.0,0.0,0.9,0.4,STI-driven
42,23018/10/204870,110,204,61,0.0,0.0,0.0,1.0,0.3,STI-driven
42,23018/13/205375,982,750,3484,0.0,0.0,0.0,0.8,0.1,STI-driven
42,23018/15/198411,5661,6337,1850,0.0,0.0,0.0,0.8,0.1,STI-driven
42,23018/19/76042,2044,4214,106,0.0,0.0,0.0,0.5,0.1,Jointly-driven
42,23021/5/119630,3102,2506,4669,0.0,0.0,0.0,0.8,0.3,STI-driven
42,23021/6/206044,6732,5574,6859,0.0,0.0,0.0,0.8,0.3,STI-driven
42,23021/10/134106,50,98,54,0.0,0.0,0.0,0.7,0.3,STI-driven
42,23021/14/118651,5056,3903,6098,0.0,0.0,0.0,0.8,0.3,STI-driven
42,23024/3/132728,4,3,535,0.43067655807339306,0.5,0.0,0.9,0.1,STI-driven
42,23024/3/142573,1,1,123,1.0,1.0,0.0,0.9,0.1,STI-driven
42,23024/5/143623,52,79,98,0.0,0.0,0.0,0.7,0.1,STI-driven
42,23024/5/135090,133,196,509,0.0,0.0,0.0,0.7,0.1,STI-driven
42,23056/3/86414,4635,4474,3847,0.0,0.0,0.0,0.9,0.4,STI-driven
42,23056/3/134064,3067,3317,1808,0.0,0.0,0.0,0.9,0.4,STI-driven
42,23056/6/79698,452,871,39,0.0,0.0,0.0,0.8,0.0,STI-driven
42,23056/6/180620,6367,6146,6288,0.0,0.0,0.0,0.8,0.0,STI-driven
42,23056/10/123210,93,270,111,0.0,0.0,0.0,0.5,0.0,STI-driven
42,23101/3/89306,190,203,256,0.0,0.0,0.0,0.8,0.2,STI-driven
42,23101/6/166603,3959,3712,5369,0.0,0.0,0.0,0.9,0.2,STI-driven
42,23101/10/156094,26,28,214,0.0,0.0,0.0,0.9,0.0,STI-driven
42,23101/10/146496,732,666,2064,0.0,0.0,0.0,0.9,0.0,STI-driven
42,23108/3/191672,4265,3299,6331,0.0,0.0,0.0,0.7,0.2,STI-driven
42,23108/4/158433,5700,5743,5143,0.0,0.0,0.0,0.7,0.2,STI-driven
42,23108/9/204334,548,816,850,0.0,0.0,0.0,0.6,0.2,STI-driven
42,23108/9/120948,226,215,1291,0.0,0.0,0.0,0.6,0.2,STI-driven
42,23109/9/119087,268,368,181,0.0,0.0,0.0,0.9,0.0,STI-driven
42,23109/13/162882,2663,3540,304,0.0,0.0,0.0,1.0,0.0,STI-driven
42,23109/13/118663,229,189,872,0.0,0.0,0.0,1.0,0.0,STI-driven
42,23109/19/157991,308,579,109,0.0,0.0,0.0,0.9,0.2,STI-driven
42,23114/6/78418,22,20,49,0.0,0.0,0.0,0.7,0.1,STI-driven
42,23114/6/133236,110,96,368,0.0,0.0,0.0,0.7,0.1,STI-driven
42,23114/10/204974,1,1,35,1.0,1.0,0.0,0.8,0.0,Jointly-driven
42,23114/14/132481,430,363,934,0.0,0.0,0.0,0.6,0.0,Jointly-driven
42,23116/7/166357,1786,1287,2237,0.0,0.0,0.0,0.7,0.4,STI-driven
42,23116/7/201070,6316,4602,6826,0.0,0.0,0.0,0.7,0.4,STI-driven
42,23116/7/132481,910,659,1481,0.0,0.0,0.0,0.7,0.4,STI-driven
42,23116/9/93521,952,838,1124,0.0,0.0,0.0,0.6,0.4,Jointly-driven
42,23150/2/206087,3188,1949,6641,0.0,0.0,0.0,0.5,0.0,Jointly-driven
42,23150/4/100924,4104,3581,5135,0.0,0.0,0.0,0.7,0.1,STI-driven
42,23150/5/85612,394,384,1099,0.0,0.0,0.0,0.7,0.1,STI-driven
42,23150/7/187879,2035,756,6099,0.0,0.0,0.0,0.8,0.0,STI-driven
42,23150/8/135508,128,111,1126,0.0,0.0,0.0,0.8,0.0,STI-driven
42,23161/2/206029,3797,4020,3507,0.0,0.0,0.0,0.6,0.3,Jointly-driven
42,23161/3/110605,2820,3878,379,0.0,0.0,0.0,0.6,0.3,Jointly-driven
42,23161/4/205430,37,18,924,0.0,0.0,0.0,0.6,0.3,Jointly-driven
42,23164/3/131411,2031,2818,872,0.0,0.0,0.0,0.8,0.2,STI-driven
42,23164/3/88463,3551,3815,2379,0.0,0.0,0.0,0.8,0.2,STI-driven
42,23164/11/130591,7,13,24,0.3333333333333333,0.0,0.0,0.7,0.2,STI-driven
42,23164/11/86414,687,718,900,0.0,0.0,0.0,0.7,0.2,STI-driven
42,23182/4/120003,878,1276,398,0.0,0.0,0.0,0.8,0.5,STI-driven
42,23182/5/117907,4204,4399,2818,0.0,0.0,0.0,0.8,0.5,STI-driven
42,23182/10/132457,311,507,173,0.0,0.0,0.0,0.6,0.5,Jointly-driven
42,23182/15/101264,581,911,271,0.0,0.0,0.0,0.6,0.5,Jointly-driven
42,23183/4/120003,172,172,262,0.0,0.0,0.0,1.0,0.1,STI-driven
42,23183/5/117907,1664,1664,416,0.0,0.0,0.0,1.0,0.1,STI-driven
42,23183/9/101264,28,28,63,0.0,0.0,0.0,1.0,0.1,STI-driven
42,23183/11/134106,67,67,56,0.0,0.0,0.0,1.0,0.1,STI-driven
42,23186/5/99583,56,25,683,0.0,0.0,0.0,0.8,0.2,STI-driven
42,23186/9/152202,1081,1308,866,0.0,0.0,0.0,0.8,0.1,STI-driven
42,23186/12/119146,5657,5880,4931,0.0,0.0,0.0,0.8,0.1,STI-driven
42,23190/4/117840,15,26,12,0.0,0.0,0.0,0.6,0.4,Jointly-driven
42,23190/4/194147,521,944,51,0.0,0.0,0.0,0.6,0.4,Jointly-driven
42,23190/6/125431,4,16,1,0.43067655807339306,0.0,1.0,0.6,0.4,Jointly-driven
42,23190/9/83586,345,608,87,0.0,0.0,0.0,0.6,0.4,Jointly-driven
42,23190/13/112792,1640,961,5460,0.0,0.0,0.0,0.8,0.4,STI-driven
42,23190/14/187028,1,2,3,1.0,0.6309297535714575,0.5,0.8,0.4,STI-driven
42,23192/2/120003,195,232,248,0.0,0.0,0.0,0.8,0.1,STI-driven
42,23192/8/117907,1661,1549,1750,0.0,0.0,0.0,0.8,0.1,STI-driven
42,23192/11/135799,5621,5409,5558,0.0,0.0,0.0,0.8,0.1,STI-driven
42,23195/2/183169,56,90,67,0.0,0.0,0.0,0.6,0.1,Jointly-driven
42,23195/6/117840,12,30,15,0.0,0.0,0.0,0.7,0.2,STI-driven
42,23195/9/144347,203,177,491,0.0,0.0,0.0,0.7,0.2,STI-driven
42,23197/2/117907,2370,2430,1872,0.0,0.0,0.0,0.6,0.2,Jointly-driven
42,23197/5/120003,1434,2511,265,0.0,0.0,0.0,0.7,0.2,Jointly-driven
42,23197/9/132457,228,447,98,0.0,0.0,0.0,0.7,0.2,Jointly-driven
42,23197/12/205129,2100,2254,1657,0.0,0.0,0.0,0.4,0.4,Jointly-driven
42,23197/12/115250,594,249,2691,0.0,0.0,0.0,0.4,0.4,Jointly-driven
42,23199/4/120003,1167,1936,196,0.0,0.0,0.0,0.6,0.3,STI-driven
42,23199/5/128905,187,140,1074,0.0,0.0,0.0,0.6,0.3,STI-driven
42,23199/7/117907,2140,2446,1181,0.0,0.0,0.0,0.6,0.3,STI-driven
42,23199/13/115250,394,180,1559,0.0,0.0,0.0,0.6,0.4,Jointly-driven
42,23201/5/180728,1275,2032,426,0.0,0.0,0.0,0.7,0.0,STI-driven
42,23201/9/189592,89,90,761,0.0,0.0,0.0,0.7,0.0,STI-driven
42,23201/10/84273,95,41,3228,0.0,0.0,0.0,0.7,0.0,STI-driven
42,23201/11/161546,856,650,2598,0.0,0.0,0.0,0.7,0.0,STI-driven
42,23201/12/141045,935,1342,450,0.0,0.0,0.0,0.7,0.0,STI-driven
42,23216/6/122604,1,1,6,1.0,1.0,0.3562071871080222,0.8,0.5,STI-driven
42,23216/9/95199,346,574,141,0.0,0.0,0.0,0.9,0.5,STI-driven
42,23216/14/163215,150,154,338,0.0,0.0,0.0,0.8,0.5,Jointly-driven
42,23216/19/165710,10,31,16,0.2890648263178879,0.0,0.0,0.5,0.6,Jointly-driven
42,23218/3/205163,131,131,197,0.0,0.0,0.0,0.9,0.3,STI-driven
42,23218/7/204870,135,250,102,0.0,0.0,0.0,0.7,0.3,Jointly-driven
42,23218/10/171338,3234,2283,6270,0.0,0.0,0.0,0.9,0.2,STI-driven
42,23218/13/88597,3935,3403,5606,0.0,0.0,0.0,0.9,0.2,STI-driven
42,23260/5/122604,1,1,1,1.0,1.0,1.0,0.7,0.5,Jointly-driven
42,23260/6/140749,3,6,8,0.5,0.3562071871080222,0.31546487678572877,0.7,0.5,Jointly-driven
42,23260/8/182731,32,23,207,0.0,0.0,0.0,0.8,0.5,STI-driven
42,23260/12/82894,9,27,6,0.3010299956639812,0.0,0.3562071871080222,0.8,0.5,Jointly-driven
42,23262/2/187028,4,19,4,0.43067655807339306,0.0,0.43067655807339306,0.8,0.1,Jointly-driven
42,23262/3/204419,232,598,33,0.0,0.0,0.0,0.8,0.1,Jointly-driven
42,23262/5/183184,1669,1347,2454,0.0,0.0,0.0,0.9,0.2,STI-driven
42,23262/9/109435,6439,6508,5360,0.0,0.0,0.0,0.8,0.2,STI-driven
42,23268/3/78340,26,26,72,0.0,0.0,0.0,1.0,0.0,STI-driven
42,23268/5/126421,4300,4300,3220,0.0,0.0,0.0,1.0,0.0,STI-driven
42,23268/7/115463,302,302,24,0.0,0.0,0.0,1.0,0.0,STI-driven
42,23268/9/91025,3644,3644,3521,0.0,0.0,0.0,1.0,0.0,STI-driven
42,23273/3/76012,9,3,1771,0.3010299956639812,0.5,0.0,0.9,0.1,STI-driven
42,23273/8/152329,30,38,104,0.0,0.0,0.0,0.8,0.1,STI-driven
42,23273/11/187028,6,5,726,0.3562071871080222,0.38685280723454163,0.0,0.7,0.0,STI-driven
42,23273/13/185171,498,1202,84,0.0,0.0,0.0,0.9,0.0,STI-driven
42,23277/2/192131,2738,1985,5500,0.0,0.0,0.0,0.7,0.0,Jointly-driven
42,23277/4/147598,1574,631,5554,0.0,0.0,0.0,0.7,0.0,Jointly-driven
42,23277/7/121733,1196,1304,2743,0.0,0.0,0.0,0.5,0.2,Jointly-driven
42,23277/11/124268,5111,4211,5261,0.0,0.0,0.0,0.7,0.0,Jointly-driven
42,23281/2/162174,4311,4062,4777,0.0,0.0,0.0,0.7,0.2,Jointly-driven
42,23281/4/124142,1164,607,2886,0.0,0.0,0.0,0.5,0.3,Jointly-driven
42,23298/6/184089,5482,4758,5436,0.0,0.0,0.0,0.6,0.3,Jointly-driven
42,23298/8/181370,606,588,864,0.0,0.0,0.0,0.6,0.3,Jointly-driven
42,23298/11/171615,1459,1418,1486,0.0,0.0,0.0,0.6,0.3,Jointly-driven
42,23298/13/120003,715,922,385,0.0,0.0,0.0,0.6,0.3,Jointly-driven
42,23315/6/192020,291,299,724,0.0,0.0,0.0,0.7,0.3,Jointly-driven
42,23315/7/205850,71,96,214,0.0,0.0,0.0,0.7,0.3,Jointly-driven
42,23315/10/95785,6824,6832,6256,0.0,0.0,0.0,0.7,0.4,Jointly-driven
42,23315/13/179153,5042,5093,4540,0.0,0.0,0.0,0.6,0.4,Jointly-driven
42,23322/6/205163,267,137,1167,0.0,0.0,0.0,0.8,0.0,STI-driven
42,23322/9/204870,131,276,64,0.0,0.0,0.0,0.7,0.0,STI-driven
42,23322/12/95785,6366,6401,4979,0.0,0.0,0.0,0.8,0.0,STI-driven
42,23322/17/90248,168,98,3507,0.0,0.0,0.0,0.8,0.0,STI-driven
42,23322/21/177387,5443,6154,1593,0.0,0.0,0.0,0.9,0.0,STI-driven
42,syn/con1/21657/4/188165,2182,2518,2270,0.0,0.0,0.0,0.4,0.0,STI-driven
42,syn/ove3/22295/5/77161,12,15,2424,0.0,0.0,0.0,0.7,0.0,Jointly-driven
42,syn/ove3/21614/3/188057,1963,1821,2914,0.0,0.0,0.0,1.0,0.0,STI-driven
42,syn/ove1/22299/7/109453,2,2,219,0.6309297535714575,0.6309297535714575,0.0,0.9,0.0,STI-driven
42,syn/ove1/23277/7/121733,13,14,1797,0.0,0.0,0.0,0.7,0.0,STI-driven
42,syn/ove2/21921/10/131730,47,50,712,0.0,0.0,0.0,0.9,0.0,STI-driven
42,syn/ove1/21868/11/150451,14,14,1450,0.0,0.0,0.0,0.9,0.0,STI-driven
42,syn/con2/20712/7/84854,50,54,307,0.0,0.0,0.0,0.6,0.2,STI-driven
42,syn/con3/21661/10/147826,7,7,1205,0.3333333333333333,0.3333333333333333,0.0,1.0,0.0,STI-driven
42,syn/con2/23182/15/101264,622,933,282,0.0,0.0,0.0,0.7,0.4,STI-driven
42,syn/con1/22185/5/195424,6,6,53,0.3562071871080222,0.3562071871080222,0.0,1.0,0.1,STI-driven
42,syn/con1/23298/8/181370,468,394,882,0.0,0.0,0.0,0.7,0.3,STI-driven
42,syn/ove1/20621/7/124848,17,16,173,0.0,0.0,0.0,1.0,0.1,STI-driven
42,syn/con3/20825/9/194044,930,1595,392,0.0,0.0,0.0,0.7,0.2,STI-driven
42,syn/con3/22073/8/176702,241,171,1698,0.0,0.0,0.0,0.8,0.0,STI-driven
42,syn/con1/21585/4/140771,973,919,2763,0.0,0.0,0.0,0.8,0.0,STI-driven
42,syn/ove2/22707/15/189705,11,8,2437,0.0,0.31546487678572877,0.0,0.8,0.0,STI-driven
42,syn/ove3/21022/5/193368,17,24,22,0.0,0.0,0.0,0.9,0.1,Jointly-driven
42,syn/ove3/20862/11/148947,42,41,256,0.0,0.0,0.0,1.0,0.0,STI-driven
42,syn/con2/20301/5/85637,14,12,2644,0.0,0.0,0.0,1.0,0.0,STI-driven
42,syn/con3/22169/6/195012,3,8,15,0.5,0.31546487678572877,0.0,0.9,0.0,STI-driven
42,syn/con2/21414/7/170059,636,561,1082,0.0,0.0,0.0,0.7,0.0,STI-driven
42,syn/con3/21942/8/136000,31,28,776,0.0,0.0,0.0,0.7,0.1,STI-driven
42,syn/ove1/23192/8/117907,17,19,2305,0.0,0.0,0.0,0.6,0.0,STI-driven
42,syn/ove3/22966/3/204794,3,2,155,0.5,0.6309297535714575,0.0,0.9,0.3,STI-driven
42,syn/con3/20855/17/78943,4446,4407,3306,0.0,0.0,0.0,1.0,0.2,STI-driven
42,syn/con3/21689/8/150887,51,53,914,0.0,0.0,0.0,1.0,0.0,STI-driven
42,syn/con3/22332/8/114759,42,41,1897,0.0,0.0,0.0,0.9,0.0,STI-driven
42,syn/ove3/21807/4/144550,23,26,311,0.0,0.0,0.0,0.9,0.0,STI-driven
42,syn/con1/21024/9/112284,1544,1643,1791,0.0,0.0,0.0,0.7,0.1,STI-driven
42,syn/con3/20413/4/101775,704,687,1409,0.0,0.0,0.0,0.9,0.0,STI-driven
42,syn/con1/21866/6/141928,1170,1601,268,0.0,0.0,0.0,0.8,0.1,Jointly-driven
42,syn/con3/21622/6/204974,1,6,25,1.0,0.3562071871080222,0.0,0.7,0.1,STI-driven
42,syn/con3/22479/5/123995,91,96,190,0.0,0.0,0.0,0.9,0.5,STI-driven
42,syn/con3/22548/8/150451,51,56,1618,0.0,0.0,0.0,1.0,0.0,STI-driven
42,syn/con3/20905/16/175165,124,292,80,0.0,0.0,0.0,0.3,0.5,Jointly-driven
42,syn/con1/22531/4/162658,23,21,1444,0.0,0.0,0.0,0.9,0.0,STI-driven
42,syn/con3/20778/13/150421,12,12,466,0.0,0.0,0.0,0.9,0.1,STI-driven
42,syn/con2/22630/17/159194,2079,2490,2229,0.0,0.0,0.0,0.7,0.3,STI-driven
42,syn/con2/23108/9/120948,581,818,732,0.0,0.0,0.0,0.8,0.0,STI-driven
42,syn/con3/22211/4/93115,5,5,322,0.38685280723454163,0.38685280723454163,0.0,0.9,0.0,STI-driven
42,syn/con2/21863/7/192815,111,174,87,0.0,0.0,0.0,0.8,0.1,STI-driven
42,syn/ove2/23322/6/205163,2310,1966,5451,0.0,0.0,0.0,0.9,0.0,STI-driven
42,syn/con2/22917/3/82894,638,1243,98,0.0,0.0,0.0,0.8,0.4,STI-driven
42,syn/con3/20735/12/150451,698,716,743,0.0,0.0,0.0,0.6,0.2,STI-driven
42,syn/ove2/22721/4/77376,58,58,574,0.0,0.0,0.0,1.0,0.1,STI-driven
42,syn/con3/20847/4/83552,19,2,305,0.0,0.6309297535714575,0.0,0.4,0.6,Jointly-driven
42,syn/con1/20847/14/108801,6,9,436,0.3562071871080222,0.3010299956639812,0.0,0.7,0.1,Jointly-driven
42,syn/con2/22956/9/98028,765,333,6630,0.0,0.0,0.0,0.7,0.0,Jointly-driven
42,syn/con2/23197/5/120003,588,701,1529,0.0,0.0,0.0,0.6,0.0,STI-driven
42,syn/con3/21621/2/79278,1613,1583,1543,0.0,0.0,0.0,0.8,0.0,Jointly-driven
42,syn/con2/21305/6/106388,22,21,1764,0.0,0.0,0.0,0.9,0.0,Jointly-driven
42,syn/ove3/21035/8/111540,35,36,247,0.0,0.0,0.0,1.0,0.0,STI-driven
42,syn/con1/21116/3/182709,18,14,5646,0.0,0.0,0.0,0.8,0.0,Jointly-driven
42,syn/con3/20112/12/85082,254,750,202,0.0,0.0,0.0,0.3,0.2,Jointly-driven
42,syn/con2/21780/13/178715,604,1025,30,0.0,0.0,0.0,0.9,0.1,STI-driven
42,syn/con3/20732/13/159885,289,225,525,0.0,0.0,0.0,0.7,0.2,STI-driven
42,syn/con2/21852/8/131730,541,491,1277,0.0,0.0,0.0,0.4,0.2,Jointly-driven
42,syn/ove2/22059/5/204963,18,16,1241,0.0,0.0,0.0,0.9,0.0,STI-driven
42,syn/ove2/23190/6/125431,14,12,1805,0.0,0.0,0.0,1.0,0.0,STI-driven
42,syn/con3/22556/15/108278,1591,1973,892,0.0,0.0,0.0,0.8,0.0,Jointly-driven
42,syn/con3/21402/3/114560,1871,2650,432,0.0,0.0,0.0,0.8,0.2,STI-driven
42,syn/con2/21362/4/168664,546,400,4976,0.0,0.0,0.0,0.8,0.1,STI-driven
42,syn/con2/20848/7/128782,2719,3821,532,0.0,0.0,0.0,0.9,0.1,STI-driven
42,syn/con3/20057/7/136632,64,129,47,0.0,0.0,0.0,0.7,0.2,STI-driven
42,syn/con1/22009/10/197186,21,21,807,0.0,0.0,0.0,1.0,0.0,STI-driven
42,syn/con2/20378/3/188302,1779,2156,1426,0.0,0.0,0.0,0.4,0.0,Jointly-driven
42,syn/ove1/21204/13/205163,2,2,157,0.6309297535714575,0.6309297535714575,0.0,1.0,0.0,STI-driven
42,syn/con2/20900/9/90975,4817,4543,5335,0.0,0.0,0.0,0.9,0.4,STI-driven
42,syn/con1/20820/10/159885,546,388,2890,0.0,0.0,0.0,0.6,0.2,Jointly-driven
42,syn/ove1/21913/6/147669,3,2,1685,0.5,0.6309297535714575,0.0,0.8,0.0,Jointly-driven
42,syn/ove1/22955/4/166583,1281,875,3109,0.0,0.0,0.0,0.8,0.1,STI-driven
42,syn/ove1/21657/4/129966,4,4,921,0.43067655807339306,0.43067655807339306,0.0,1.0,0.0,STI-driven
42,syn/ove1/21891/12/142823,377,324,3515,0.0,0.0,0.0,0.8,0.1,STI-driven
42,syn/ove2/22190/5/205435,137,113,2429,0.0,0.0,0.0,0.9,0.1,STI-driven
42,syn/con3/21868/11/116125,435,385,1089,0.0,0.0,0.0,0.6,0.4,Jointly-driven
42,syn/con2/22298/12/204870,551,901,201,0.0,0.0,0.0,0.8,0.4,STI-driven
42,syn/ove2/21863/2/204870,637,538,2036,0.0,0.0,0.0,0.7,0.0,STI-driven
42,syn/con2/21788/6/134719,932,1133,922,0.0,0.0,0.0,0.8,0.6,Jointly-driven
42,syn/ove1/22326/13/152521,22,23,31,0.0,0.0,0.0,0.9,0.0,STI-driven
42,syn/ove3/21695/7/113035,497,373,6248,0.0,0.0,0.0,0.9,0.0,STI-driven
42,syn/ove2/23190/13/112792,1,1,38,1.0,1.0,0.0,0.9,0.1,STI-driven
42,syn/con1/22036/8/100646,358,308,1547,0.0,0.0,0.0,0.6,0.1,STI-driven
42,syn/con3/20995/11/204974,15,68,4,0.0,0.0,0.43067655807339306,0.9,0.0,STI-driven
42,syn/con1/21368/10/126656,1322,833,2990,0.0,0.0,0.0,0.7,0.4,STI-driven
42,syn/con2/20974/9/205430,677,550,1430,0.0,0.0,0.0,0.6,0.3,Jointly-driven
42,syn/con1/22760/7/134064,3102,3815,1510,0.0,0.0,0.0,0.3,0.5,Jointly-driven
42,syn/ove2/20909/3/78340,32,31,963,0.0,0.0,0.0,0.8,0.0,STI-driven
42,syn/con1/21905/3/141578,1190,1671,430,0.0,0.0,0.0,0.6,0.1,STI-driven
42,syn/con1/21530/6/161313,389,323,1220,0.0,0.0,0.0,0.5,0.4,Jointly-driven
42,syn/con1/21410/8/202190,788,843,592,0.0,0.0,0.0,0.8,0.1,STI-driven
42,syn/ove1/20712/5/206021,765,783,2371,0.0,0.0,0.0,1.0,0.1,STI-driven
42,syn/ove3/21841/6/200228,187,262,17,0.0,0.0,0.0,1.0,0.1,STI-driven
42,syn/con3/22999/13/198004,44,39,1825,0.0,0.0,0.0,0.9,0.0,STI-driven
42,syn/ove3/22556/13/163708,265,277,519,0.0,0.0,0.0,0.7,0.3,STI-driven
42,syn/con3/23164/3/88463,4,4,1297,0.43067655807339306,0.43067655807339306,0.0,0.8,0.0,STI-driven
42,syn/con1/21783/15/178502,969,862,2365,0.0,0.0,0.0,0.8,0.0,STI-driven
42,syn/con3/20737/14/204870,164,631,15,0.0,0.0,0.0,0.6,0.2,STI-driven
42,syn/ove3/23150/2/206087,1128,1213,691,0.0,0.0,0.0,0.8,0.0,Jointly-driven
42,syn/con2/21287/2/157187,3082,2129,5510,0.0,0.0,0.0,0.8,0.2,STI-driven
42,syn/con2/21913/10/193041,6104,5382,6058,0.0,0.0,0.0,0.6,0.3,Jointly-driven
42,syn/con3/20949/8/114633,3460,4719,1406,0.0,0.0,0.0,0.7,0.1,STI-driven
42,syn/con3/22548/10/90253,175,388,128,0.0,0.0,0.0,0.4,0.2,Jointly-driven
42,syn/con3/22158/12/78504,19,18,569,0.0,0.0,0.0,1.0,0.0,STI-driven
42,syn/con1/22326/13/91332,29,32,343,0.0,0.0,0.0,0.9,0.0,STI-driven
42,syn/con3/21876/4/112069,1304,1077,3032,0.0,0.0,0.0,0.9,0.1,STI-driven
42,syn/ove3/21781/15/111918,1528,1798,445,0.0,0.0,0.0,0.8,0.0,Jointly-driven
42,syn/con1/21405/8/160038,80,50,826,0.0,0.0,0.0,0.7,0.3,STI-driven
42,syn/con2/21710/13/169487,5476,5951,2178,0.0,0.0,0.0,0.6,0.1,STI-driven
42,syn/con2/23298/6/184089,3813,2432,5516,0.0,0.0,0.0,0.6,0.3,Jointly-driven
42,syn/con3/21985/10/204899,5264,5525,2786,0.0,0.0,0.0,0.5,0.2,Jointly-driven
42,syn/con3/21026/8/78186,1074,854,1907,0.0,0.0,0.0,0.9,0.2,STI-driven
42,syn/con3/22158/6/134106,18,19,134,0.0,0.0,0.0,0.9,0.0,STI-driven
42,syn/con2/21852/6/107420,5215,5217,3851,0.0,0.0,0.0,0.7,0.4,Jointly-driven
42,syn/con1/22482/11/159885,8,11,408,0.31546487678572877,0.0,0.0,0.9,0.0,STI-driven
42,syn/con3/21530/6/101794,152,203,175,0.0,0.0,0.0,0.6,0.2,Jointly-driven
42,syn/ove2/21926/2/146872,26,25,828,0.0,0.0,0.0,0.9,0.0,STI-driven
42,syn/con1/22161/5/184206,2244,1594,3911,0.0,0.0,0.0,0.6,0.2,STI-driven
42,syn/ove2/21689/5/194583,8,12,53,0.31546487678572877,0.0,0.0,0.9,0.0,STI-driven
42,syn/ove3/20454/10/152496,20,26,806,0.0,0.0,0.0,0.7,0.0,STI-driven
42,syn/con1/23199/13/115250,5,6,1301,0.38685280723454163,0.3562071871080222,0.0,0.7,0.0,STI-driven
42,syn/con2/21911/7/76781,48,48,1827,0.0,0.0,0.0,1.0,0.0,STI-driven
42,syn/con2/21315/16/107420,8,13,85,0.31546487678572877,0.0,0.0,0.6,0.3,Jointly-driven
42,syn/ove1/20949/11/137424,21,19,353,0.0,0.0,0.0,0.9,0.2,STI-driven
42,syn/ove1/21657/7/147934,6,6,109,0.3562071871080222,0.3562071871080222,0.0,0.9,0.2,STI-driven
7,20001/1/151656,729,729,627,0.0,0.0,0.0,1.0,0.1,STI-driven
7,20001/4/94688,1239,1239,5685,0.0,0.0,0.0,1.0,0.1,STI-driven
7,20001/8/101794,95,95,698,0.0,0.0,0.0,1.0,0.1,STI-driven
7,20001/10/91481,340,340,544,0.0,0.0,0.0,1.0,0.1,STI-driven
7,20001/13/124771,1486,1486,644,0.0,0.0,0.0,1.0,0.1,STI-driven
7,20057/3/205163,115,48,442,0.0,0.0,0.0,0.5,0.5,Jointly-driven
7,20057/7/136632,55,118,120,0.0,0.0,0.0,0.3,0.3,Jointly-driven
7,20057/10/187028,922,343,1761,0.0,0.0,0.0,0.4,0.3,Jointly-driven
7,20058/8/183056,93,62,309,0.0,0.0,0.0,0.4,0.4,Jointly-driven
7,20058/12/141566,1876,1681,2228,0.0,0.0,0.0,0.5,0.2,STI-driven
7,20059/5/183056,66,6,821,0.0,0.3562071871080222,0.0,0.2,0.5,Jointly-driven
7,20059/8/103896,301,85,2298,0.0,0.0,0.0,0.3,0.1,Jointly-driven
7,20059/17/99910,4,21,46,0.43067655807339306,0.0,0.0,0.2,0.4,Jointly-driven
7,20098/11/205163,367,2038,62,0.0,0.0,0.0,0.2,0.4,Jointly-driven
7,20098/17/181301,823,182,2283,0.0,0.0,0.0,0.4,0.5,Jointly-driven
7,20112/3/185171,153,7,3531,0.0,0.3333333333333333,0.0,0.5,0.0,STI-driven
7,20112/12/85082,3652,2123,5049,0.0,0.0,0.0,0.4,0.0,Jointly-driven
7,20121/7/105589,1525,714,3090,0.0,0.0,0.0,0.1,0.4,Jointly-driven
7,20191/3/78874,269,269,13,0.0,0.0,0.0,1.0,0.1,STI-driven
7,20191/4/134643,116,116,710,0.0,0.0,0.0,1.0,0.1,STI-driven
7,20191/7/163739,370,370,2467,0.0,0.0,0.0,1.0,0.1,STI-driven
7,20191/10/78186,128,128,399,0.0,0.0,0.0,1.0,0.0,STI-driven
7,20191/13/108426,557,557,2347,0.0,0.0,0.0,1.0,0.1,STI-driven
7,20295/7/156293,77,77,6924,0.0,0.0,0.0,1.0,0.0,STI-driven
7,20295/7/87541,4219,4219,3539,0.0,0.0,0.0,1.0,0.0,STI-driven
7,20295/8/119062,2110,2110,6039,0.0,0.0,0.0,1.0,0.0,STI-driven
7,20300/9/165308,523,95,3808,0.0,0.0,0.0,0.5,0.3,Jointly-driven
7,20300/11/158006,20,7,735,0.0,0.3333333333333333,0.0,0.5,0.3,STI-driven
7,20301/5/85637,334,196,1483,0.0,0.0,0.0,0.5,0.4,Jointly-driven
7,20301/10/196336,55,21,847,0.0,0.0,0.0,0.6,0.4,Jointly-driven
7,20378/3/188302,1339,2525,71,0.0,0.0,0.0,0.7,0.0,STI-driven
7,20378/4/173253,549,514,1242,0.0,0.0,0.0,0.7,0.0,STI-driven
7,20378/14/166069,269,401,466,0.0,0.0,0.0,0.5,0.2,Jointly-driven
7,20379/4/80240,2635,2635,5282,0.0,0.0,0.0,1.0,0.1,STI-driven
7,20379/8/77161,4233,4233,133,0.0,0.0,0.0,1.0,0.0,STI-driven
7,20379/8/130591,3864,3864,330,0.0,0.0,0.0,1.0,0.0,STI-driven
7,20379/10/90253,407,407,2253,0.0,0.0,0.0,1.0,0.2,STI-driven
7,20379/14/170060,964,964,1193,0.0,0.0,0.0,1.0,0.2,STI-driven
7,20379/14/86168,711,711,1923,0.0,0.0,0.0,1.0,0.2,STI-driven
7,20413/4/101775,153,196,605,0.0,0.0,0.0,0.7,0.2,Jointly-driven
7,20413/7/77115,4260,3304,5856,0.0,0.0,0.0,0.5,0.2,Jointly-driven
7,20454/1/89352,5855,6635,3224,0.0,0.0,0.0,0.1,0.3,Jointly-driven
7,20454/6/185065,5759,6538,738,0.0,0.0,0.0,0.5,0.0,Jointly-driven
7,20454/10/152496,779,1937,438,0.0,0.0,0.0,0.5,0.0,Jointly-driven
7,20454/11/128167,6313,3592,6844,0.0,0.0,0.0,0.5,0.0,Jointly-driven
7,20454/16/107407,736,652,2152,0.0,0.0,0.0,0.2,0.3,Jointly-driven
7,20454/16/184951,237,661,461,0.0,0.0,0.0,0.2,0.3,Jointly-driven
7,20458/5/205163,35,271,31,0.0,0.0,0.0,0.4,0.2,Jointly-driven
7,20458/12/205695,645,329,1236,0.0,0.0,0.0,0.2,0.4,Jointly-driven
7,20543/10/169419,1,5,44,1.0,0.38685280723454163,0.0,0.7,0.1,Jointly-driven
7,20548/10/187714,466,466,728,0.0,0.0,0.0,1.0,0.1,STI-driven
7,20548/13/104180,1749,1749,271,0.0,0.0,0.0,1.0,0.1,STI-driven
7,20548/16/129416,240,240,388,0.0,0.0,0.0,1.0,0.1,STI-driven
7,20621/4/205163,21,35,65,0.0,0.0,0.0,0.3,0.5,Jointly-driven
7,20621/4/205744,372,817,312,0.0,0.0,0.0,0.3,0.5,Jointly-driven
7,20621/7/205430,574,665,608,0.0,0.0,0.0,0.4,0.4,Jointly-driven
7,20621/7/124848,253,189,539,0.0,0.0,0.0,0.4,0.4,Jointly-driven
7,20639/5/99583,49,28,398,0.0,0.0,0.0,0.4,0.6,Jointly-driven
7,20639/7/205817,1488,883,2945,0.0,0.0,0.0,0.5,0.5,Jointly-driven
7,20639/11/136632,17,30,79,0.0,0.0,0.0,0.6,0.5,Jointly-driven
7,20640/6/204331,2,1,278,0.6309297535714575,1.0,0.0,0.4,0.3,Jointly-driven
7,20640/10/166052,704,616,1593,0.0,0.0,0.0,0.5,0.3,STI-driven
7,20640/14/90253,188,368,518,0.0,0.0,0.0,0.5,0.4,Jointly-driven
7,20641/5/205163,22,33,32,0.0,0.0,0.0,0.8,0.6,Jointly-driven
7,20641/8/204974,1,1,2,1.0,1.0,0.6309297535714575,0.8,0.5,STI-driven
7,20641/13/148947,4272,4721,3791,0.0,0.0,0.0,0.8,0.4,STI-driven
7,20641/19/90253,284,585,232,0.0,0.0,0.0,0.6,0.4,Jointly-driven
7,20641/24/162481,2121,3744,920,0.0,0.0,0.0,0.7,0.4,Jointly-driven
7,20651/8/204974,1,1,47,1.0,1.0,0.0,0.1,0.7,LTP-driven
7,20651/10/205163,3,58,13,0.5,0.0,0.0,0.2,0.4,Jointly-driven
7,20651/13/136632,231,200,482,0.0,0.0,0.0,0.1,0.8,LTP-driven
7,20651/16/114756,2805,2829,3681,0.0,0.0,0.0,0.2,0.4,Jointly-driven
7,20652/4/204331,209,195,433,0.0,0.0,0.0,0.5,0.4,Jointly-driven
7,20652/12/135571,111,63,589,0.0,0.0,0.0,0.5,0.3,Jointly-driven
7,20660/7/142933,2535,3922,1028,0.0,0.0,0.0,0.6,0.3,Jointly-driven
7,20660/12/161313,4,1,19,0.43067655807339306,1.0,0.0,0.7,0.4,STI-driven
7,20660/18/201436,1441,1917,1682,0.0,0.0,0.0,0.3,0.4,Jointly-driven
7,20682/5/101483,1075,1075,6554,0.0,0.0,0.0,1.0,0.1,STI-driven
7,20682/5/115463,5,5,1285,0.38685280723454163,0.38685280723454163,0.0,1.0,0.1,STI-driven
7,20682/6/156624,5444,5444,3823,0.0,0.0,0.0,1.0,0.1,STI-driven
7,20686/2/115463,13,5,608,0.0,0.38685280723454163,0.0,0.4,0.4,Jointly-driven
7,20686/6/181327,580,613,1026,0.0,0.0,0.0,0.7,0.1,STI-driven
7,20686/10/137955,2990,1302,5886,0.0,0.0,0.0,0.4,0.1,Jointly-driven
7,20702/5/150957,36,29,411,0.0,0.0,0.0,0.7,0.3,Jointly-driven
7,20702/9/86246,3179,3692,2191,0.0,0.0,0.0,0.7,0.3,Jointly-driven
7,20702/15/86428,162,146,303,0.0,0.0,0.0,0.6,0.4,Jointly-driven
7,20706/5/204331,5,6,1129,0.38685280723454163,0.3562071871080222,0.0,0.7,0.0,Jointly-driven
7,20706/7/83552,44,141,73,0.0,0.0,0.0,0.7,0.0,Jointly-driven
7,20706/12/204478,27,5,2020,0.0,0.38685280723454163,0.0,0.6,0.0,Jointly-driven
7,20707/2/204468,571,571,6463,0.0,0.0,0.0,1.0,0.1,STI-driven
7,20707/4/204334,116,116,17,0.0,0.0,0.0,1.0,0.1,STI-driven
7,20707/4/141614,849,849,1486,0.0,0.0,0.0,1.0,0.1,STI-driven
7,20707/7/124545,339,339,107,0.0,0.0,0.0,1.0,0.1,STI-driven
7,20709/7/205163,34,171,9,0.0,0.0,0.3010299956639812,0.6,0.6,Jointly-driven
7,20709/11/199831,13,7,76,0.0,0.3333333333333333,0.0,0.5,0.5,Jointly-driven
7,20709/11/163398,2588,2557,2614,0.0,0.0,0.0,0.5,0.5,Jointly-driven
7,20709/14/78340,1,1,95,1.0,1.0,0.0,0.5,0.2,Jointly-driven
7,20709/14/204870,62,23,819,0.0,0.0,0.0,0.5,0.2,Jointly-driven
7,20712/5/205724,695,52,4760,0.0,0.0,0.0,0.4,0.2,Jointly-driven
7,20712/5/206021,4956,4550,4647,0.0,0.0,0.0,0.4,0.2,Jointly-driven
7,20712/7/122604,1,1,176,1.0,1.0,0.0,0.4,0.2,Jointly-driven
7,20712/7/84854,2,13,69,0.6309297535714575,0.0,0.0,0.4,0.2,Jointly-driven
7,20713/3/205163,30,121,13,0.0,0.0,0.0,0.6,0.5,Jointly-driven
7,20713/3/204870,56,15,641,0.0,0.0,0.0,0.6,0.5,Jointly-driven
7,20713/7/205435,16,38,22,0.0,0.0,0.0,0.6,0.4,Jointly-driven
7,20721/3/192815,53,133,183,0.0,0.0,0.0,0.6,0.0,STI-driven
7,20721/6/83552,133,320,137,0.0,0.0,0.0,0.3,0.1,Jointly-driven
7,20721/8/93013,163,18,2105,0.0,0.0,0.0,0.4,0.2,Jointly-driven
7,20732/5/205435,2,40,13,0.6309297535714575,0.0,0.0,0.2,0.4,Jointly-driven
7,20732/5/163398,1517,1808,1619,0.0,0.0,0.0,0.2,0.4,Jointly-driven
7,20732/5/127115,5,66,42,0.38685280723454163,0.0,0.0,0.2,0.4,Jointly-driven
7,20732/13/159885,601,1755,281,0.0,0.0,0.0,0.2,0.0,Jointly-driven
7,20732/13/205724,2580,1919,3507,0.0,0.0,0.0,0.2,0.0,Jointly-driven
7,20735/10/198562,1284,984,1933,0.0,0.0,0.0,0.3,0.4,Jointly-driven
7,20735/12/150451,25,35,112,0.0,0.0,0.0,0.3,0.3,Jointly-driven
7,20735/13/178472,77,6,1040,0.0,0.3562071871080222,0.0,0.3,0.3,Jointly-driven
7,20736/4/187028,3,1,89,0.5,1.0,0.0,0.5,0.2,STI-driven
7,20736/4/204794,516,603,327,0.0,0.0,0.0,0.5,0.2,STI-driven
7,20736/7/99244,40,51,182,0.0,0.0,0.0,0.5,0.2,Jointly-driven
7,20736/10/184418,2,19,4,0.6309297535714575,0.0,0.43067655807339306,0.5,0.2,Jointly-driven
7,20737/3/83552,7,118,2,0.3333333333333333,0.0,0.6309297535714575,0.7,0.1,Jointly-driven
7,20737/7/148947,1996,2343,2257,0.0,0.0,0.0,0.6,0.3,Jointly-driven
7,20737/13/78340,98,33,587,0.0,0.0,0.0,0.4,0.3,Jointly-driven
7,20737/14/204870,18,36,171,0.0,0.0,0.0,0.4,0.3,Jointly-driven
7,20741/4/206023,3690,2812,5461,0.0,0.0,0.0,0.3,0.3,Jointly-driven
7,20741/11/119144,4,9,28,0.43067655807339306,0.3010299956639812,0.0,0.6,0.3,Jointly-driven
7,20741/14/177160,14,9,296,0.0,0.3010299956639812,0.0,0.5,0.3,Jointly-driven
7,20757/7/204974,1,1,4,1.0,1.0,0.43067655807339306,0.4,0.5,Jointly-driven
7,20757/10/205163,27,29,68,0.0,0.0,0.0,0.5,0.4,Jointly-driven
7,20761/5/112069,20,86,19,0.0,0.0,0.0,0.4,0.5,Jointly-driven
7,20761/8/184098,73,37,631,0.0,0.0,0.0,0.4,0.5,Jointly-driven
7,20761/13/78340,43,2,1376,0.0,0.6309297535714575,0.0,0.3,0.6,Jointly-driven
7,20761/13/204870,155,25,1992,0.0,0.0,0.0,0.3,0.6,Jointly-driven
7,20777/15/204974,15,117,2,0.0,0.0,0.6309297535714575,0.4,0.2,Jointly-driven
7,20777/17/191200,141,355,142,0.0,0.0,0.0,0.3,0.4,Jointly-driven
7,20778/8/204409,191,307,288,0.0,0.0,0.0,0.5,0.3,Jointly-driven
7,20778/11/158571,366,386,886,0.0,0.0,0.0,0.6,0.3,Jointly-driven
7,20778/13/150421,119,93,723,0.0,0.0,0.0,0.6,0.3,Jointly-driven
7,20778/18/194237,109,300,144,0.0,0.0,0.0,0.4,0.3,Jointly-driven
7,20778/21/112719,391,314,807,0.0,0.0,0.0,0.4,0.2,Jointly-driven
7,20793/18/191200,631,1215,368,0.0,0.0,0.0,0.5,0.5,Jointly-driven
7,20820/1/190692,1377,1620,1582,0.0,0.0,0.0,0.5,0.4,Jointly-driven
7,20820/3/177922,609,925,407,0.0,0.0,0.0,0.5,0.4,Jointly-driven
7,20820/10/159885,1,1,53,1.0,1.0,0.0,0.7,0.2,STI-driven
7,20822/4/185139,1238,4170,191,0.0,0.0,0.0,0.5,0.1,Jointly-driven
7,20822/17/124142,59,163,37,0.0,0.0,0.0,0.5,0.5,Jointly-driven
7,20822/19/139510,314,319,543,0.0,0.0,0.0,0.4,0.5,Jointly-driven
7,20822/21/129239,1208,1218,1719,0.0,0.0,0.0,0.6,0.4,Jointly-driven
7,20824/3/175121,237,66,2112,0.0,0.0,0.0,0.7,0.2,STI-driven
7,20824/12/184951,123,46,826,0.0,0.0,0.0,0.6,0.4,Jointly-driven
7,20825/6/135485,67,146,85,0.0,0.0,0.0,0.3,0.4,Jointly-driven
7,20825/9/194044,353,1115,170,0.0,0.0,0.0,0.2,0.5,Jointly-driven
7,20825/12/170277,107,188,153,0.0,0.0,0.0,0.2,0.5,Jointly-driven
7,20847/2/133249,104,118,152,0.0,0.0,0.0,0.6,0.2,Jointly-driven
7,20847/4/83552,3,2,70,0.5,0.6309297535714575,0.0,0.6,0.2,Jointly-driven
7,20847/6/78418,52,25,386,0.0,0.0,0.0,0.6,0.2,Jointly-driven
7,20847/7/80336,1284,2006,755,0.0,0.0,0.0,0.6,0.2,Jointly-driven
7,20847/14/108801,56,132,122,0.0,0.0,0.0,0.6,0.0,STI-driven
7,20848/2/107514,858,464,1861,0.0,0.0,0.0,0.7,0.5,STI-driven
7,20848/5/108278,240,38,1671,0.0,0.0,0.0,0.6,0.5,Jointly-driven
7,20848/7/128782,1012,541,1880,0.0,0.0,0.0,0.5,0.6,Jointly-driven
7,20848/10/82894,377,150,845,0.0,0.0,0.0,0.4,0.6,Jointly-driven
7,20855/4/152789,577,725,893,0.0,0.0,0.0,0.5,0.7,Jointly-driven
7,20855/7/77293,79,189,55,0.0,0.0,0.0,0.7,0.5,STI-driven
7,20855/12/169313,2839,3948,2095,0.0,0.0,0.0,0.6,0.5,Jointly-driven
7,20855/13/131077,4304,5474,3101,0.0,0.0,0.0,0.6,0.5,Jointly-driven
7,20855/17/78943,6323,6573,5039,0.0,0.0,0.0,0.5,0.8,Jointly-driven
7,20855/20/108725,6883,6903,5927,0.0,0.0,0.0,0.6,0.5,Jointly-driven
7,20857/6/141566,720,917,676,0.0,0.0,0.0,0.5,0.1,Jointly-driven
7,20857/11/122604,6,7,149,0.3562071871080222,0.3333333333333333,0.0,0.5,0.1,Jointly-driven
7,20857/14/162481,1116,1736,702,0.0,0.0,0.0,0.7,0.2,STI-driven
7,20857/15/184418,26,62,38,0.0,0.0,0.0,0.7,0.2,STI-driven
7,20862/6/193168,180,355,167,0.0,0.0,0.0,0.6,0.6,Jointly-driven
7,20862/11/148947,3027,3098,3448,0.0,0.0,0.0,0.6,0.6,Jointly-driven
7,20863/7/85612,725,266,2228,0.0,0.0,0.0,0.3,0.7,LTP-driven
7,20863/10/134643,509,439,893,0.0,0.0,0.0,0.3,0.6,LTP-driven
7,20863/10/78186,547,288,1588,0.0,0.0,0.0,0.3,0.6,LTP-driven
7,20863/12/108426,1983,1768,2388,0.0,0.0,0.0,0.3,0.7,LTP-driven
7,20863/12/141566,1643,1103,2754,0.0,0.0,0.0,0.3,0.7,LTP-driven
7,20863/14/166052,112,69,586,0.0,0.0,0.0,0.3,0.5,Jointly-driven
7,20865/8/173035,3671,3570,4066,0.0,0.0,0.0,0.7,0.6,Jointly-driven
7,20865/13/189627,6301,5977,6382,0.0,0.0,0.0,0.6,0.8,Jointly-driven
7,20865/17/184418,23,62,22,0.0,0.0,0.0,0.4,0.6,Jointly-driven
7,20868/7/78186,340,150,1725,0.0,0.0,0.0,0.6,0.0,STI-driven
7,20868/7/134643,74,27,819,0.0,0.0,0.0,0.6,0.0,STI-driven
7,20868/9/141566,951,557,2296,0.0,0.0,0.0,0.4,0.1,Jointly-driven
7,20868/9/108426,849,583,1890,0.0,0.0,0.0,0.4,0.1,Jointly-driven
7,20868/11/166052,723,435,1927,0.0,0.0,0.0,0.5,0.3,Jointly-driven
7,20868/14/162481,2940,3875,2016,0.0,0.0,0.0,0.3,0.2,Jointly-driven
7,20869/5/78340,2,6,30,0.6309297535714575,0.3562071871080222,0.0,0.7,0.0,STI-driven
7,20869/7/204870,236,274,530,0.0,0.0,0.0,0.8,0.0,STI-driven
7,20869/11/205163,110,229,146,0.0,0.0,0.0,0.6,0.0,STI-driven
7,20871/2/105068,1290,989,2106,0.0,0.0,0.0,0.6,0.5,STI-driven
7,20871/6/203730,246,580,229,0.0,0.0,0.0,0.5,0.5,Jointly-driven
7,20871/8/116824,2382,2911,1866,0.0,0.0,0.0,0.4,0.5,Jointly-driven
7,20871/16/136983,41,15,796,0.0,0.0,0.0,0.1,0.3,Jointly-driven
7,20871/19/121678,757,1513,149,0.0,0.0,0.0,0.0,0.3,Jointly-driven
7,20871/22/169487,75,146,186,0.0,0.0,0.0,0.2,0.3,Jointly-driven
7,20872/4/98088,305,314,366,0.0,0.0,0.0,0.5,0.6,Jointly-driven
7,20872/4/165438,1141,1240,1064,0.0,0.0,0.0,0.5,0.6,Jointly-driven
7,20872/8/184605,2662,2195,2960,0.0,0.0,0.0,0.6,0.5,Jointly-driven
7,20872/11/189294,2149,1878,2578,0.0,0.0,0.0,0.6,0.5,Jointly-driven
7,20880/6/140704,1689,2777,1010,0.0,0.0,0.0,0.5,0.3,Jointly-driven
7,20880/14/187147,6082,6448,4114,0.0,0.0,0.0,0.4,0.1,Jointly-driven
7,20880/15/175969,1411,876,2237,0.0,0.0,0.0,0.4,0.1,Jointly-driven
7,20880/15/84028,6046,5237,6304,0.0,0.0,0.0,0.4,0.1,Jointly-driven
7,20900/5/125663,5585,5267,5687,0.0,0.0,0.0,0.5,0.3,Jointly-driven
7,20900/7/171202,1198,2031,284,0.0,0.0,0.0,0.5,0.3,Jointly-driven
7,20900/9/90975,2307,1756,4337,0.0,0.0,0.0,0.5,0.3,Jointly-driven
7,20905/7/171202,365,680,218,0.0,0.0,0.0,0.6,0.1,STI-driven
7,20905/12/144795,1423,1912,1098,0.0,0.0,0.0,0.4,0.5,Jointly-driven
7,20905/16/175165,440,1077,263,0.0,0.0,0.0,0.2,0.5,Jointly-driven
7,20909/3/78340,8,10,61,0.31546487678572877,0.2890648263178879,0.0,0.9,0.2,STI-driven
7,20909/3/146962,2290,1429,6140,0.0,0.0,0.0,0.9,0.2,STI-driven
7,20909/6/199038,152,166,598,0.0,0.0,0.0,0.8,0.3,STI-driven
7,20943/7/204974,3,3,55,0.5,0.5,0.0,0.4,0.3,Jointly-driven
7,20943/9/205163,111,142,173,0.0,0.0,0.0,0.3,0.2,Jointly-driven
7,20943/17/191200,651,931,601,0.0,0.0,0.0,0.4,0.2,Jointly-driven
7,20943/21/158903,773,440,1610,0.0,0.0,0.0,0.3,0.3,Jointly-driven
7,20949/5/195012,9,12,117,0.3010299956639812,0.0,0.0,0.7,0.0,STI-driven
7,20949/8/114633,758,837,1879,0.0,0.0,0.0,0.7,0.0,STI-driven
7,20949/11/137424,3497,2589,4814,0.0,0.0,0.0,0.8,0.1,STI-driven
7,20949/11/121484,3900,3270,4981,0.0,0.0,0.0,0.8,0.1,STI-driven
7,20964/9/204974,1,1,13,1.0,1.0,0.0,0.5,0.4,Jointly-driven
7,20964/15/113701,373,537,703,0.0,0.0,0.0,0.3,0.1,Jointly-driven
7,20967/9/78874,302,539,157,0.0,0.0,0.0,0.5,0.5,Jointly-driven
7,20967/9/113701,291,291,815,0.0,0.0,0.0,0.5,0.5,Jointly-driven
7,20967/11/124142,182,151,540,0.0,0.0,0.0,0.6,0.4,Jointly-driven
7,20967/15/191200,1006,1436,674,0.0,0.0,0.0,0.5,0.4,Jointly-driven
7,20970/8/191200,538,477,1121,0.0,0.0,0.0,0.6,0.4,Jointly-driven
7,20970/8/204974,1,1,4,1.0,1.0,0.43067655807339306,0.6,0.4,Jointly-driven
7,20970/9/141566,2397,2185,2685,0.0,0.0,0.0,0.6,0.4,Jointly-driven
7,20970/11/124142,644,416,1441,0.0,0.0,0.0,0.4,0.5,Jointly-driven
7,20970/13/83552,31,48,46,0.0,0.0,0.0,0.6,0.4,Jointly-driven
7,20970/16/169085,502,139,2416,0.0,0.0,0.0,0.5,0.6,Jointly-driven
7,20974/5/206020,6769,6815,6248,0.0,0.0,0.0,0.4,0.3,Jointly-driven
7,20974/9/205430,305,266,546,0.0,0.0,0.0,0.6,0.2,STI-driven
7,20974/14/95692,3025,3319,3025,0.0,0.0,0.0,0.5,0.1,Jointly-driven
7,20995/2/170119,1346,2118,328,0.0,0.0,0.0,0.8,0.1,STI-driven
7,20995/6/154844,128,111,279,0.0,0.0,0.0,0.8,0.3,Jointly-driven
7,20995/11/204974,30,70,7,0.0,0.0,0.3333333333333333,0.5,0.1,Jointly-driven
7,20995/17/149543,627,738,751,0.0,0.0,0.0,0.5,0.1,Jointly-driven
7,21006/11/187028,1,1,1,1.0,1.0,1.0,1.0,0.1,STI-driven
7,21006/14/163704,115,115,423,0.0,0.0,0.0,1.0,0.0,STI-driven
7,21006/16/205163,162,162,337,0.0,0.0,0.0,1.0,0.1,STI-driven
7,21018/2/161723,223,223,5,0.0,0.0,0.38685280723454163,1.0,0.2,STI-driven
7,21018/2/81234,1669,1669,734,0.0,0.0,0.0,1.0,0.2,STI-driven
7,21018/6/205435,202,202,25,0.0,0.0,0.0,1.0,0.0,STI-driven
7,21019/2/135743,3591,2893,4882,0.0,0.0,0.0,0.4,0.3,Jointly-driven
7,21019/6/202190,216,148,505,0.0,0.0,0.0,0.7,0.3,Jointly-driven
7,21019/9/151837,1824,1824,1672,0.0,0.0,0.0,0.6,0.3,Jointly-driven
7,21019/9/134106,11,85,4,0.0,0.0,0.43067655807339306,0.6,0.3,Jointly-driven
7,21022/5/193368,4663,6246,1461,0.0,0.0,0.0,0.3,0.2,Jointly-driven
7,21022/9/172109,560,1118,421,0.0,0.0,0.0,0.3,0.3,Jointly-driven
7,21022/12/182709,41,22,626,0.0,0.0,0.0,0.3,0.3,Jointly-driven
7,21024/3/89668,76,124,212,0.0,0.0,0.0,0.6,0.3,STI-driven
7,21024/3/94056,13,28,95,0.0,0.0,0.0,0.6,0.3,STI-driven
7,21024/5/180224,68,30,901,0.0,0.0,0.0,0.5,0.2,Jointly-driven
7,21024/9/112284,1129,983,1650,0.0,0.0,0.0,0.6,0.2,STI-driven
7,21026/8/78186,115,76,1679,0.0,0.0,0.0,0.4,0.2,Jointly-driven
7,21026/8/143994,5376,5390,5006,0.0,0.0,0.0,0.4,0.2,Jointly-driven
7,21026/11/180224,9,26,202,0.3010299956639812,0.0,0.0,0.4,0.3,Jointly-driven
7,21035/4/121366,38,52,84,0.0,0.0,0.0,0.8,0.2,STI-driven
7,21035/4/127525,177,456,94,0.0,0.0,0.0,0.8,0.2,STI-driven
7,21035/8/111540,61,226,48,0.0,0.0,0.0,0.6,0.2,STI-driven
7,21042/6/205934,4166,4166,1518,0.0,0.0,0.0,1.0,0.0,STI-driven
7,21042/12/149543,89,89,695,0.0,0.0,0.0,1.0,0.0,STI-driven
7,21051/2/161313,5,2,47,0.38685280723454163,0.6309297535714575,0.0,0.6,0.5,Jointly-driven
7,21051/2/148389,1759,1686,2485,0.0,0.0,0.0,0.6,0.5,Jointly-driven
7,21051/7/101264,12,36,14,0.0,0.0,0.0,0.6,0.6,Jointly-driven
7,21051/7/101794,146,164,388,0.0,0.0,0.0,0.6,0.6,Jointly-driven
7,21059/10/204870,156,366,146,0.0,0.0,0.0,0.5,0.5,Jointly-driven
7,21063/5/183056,428,363,1301,0.0,0.0,0.0,0.6,0.1,STI-driven
7,21063/13/91332,58,197,82,0.0,0.0,0.0,0.4,0.0,Jointly-driven
7,21065/4/124485,22,22,532,0.0,0.0,0.0,0.5,0.2,Jointly-driven
7,21065/5/191205,116,92,1237,0.0,0.0,0.0,0.5,0.2,Jointly-driven
7,21065/11/136983,51,34,1263,0.0,0.0,0.0,0.7,0.0,STI-driven
7,21065/11/78186,344,228,2224,0.0,0.0,0.0,0.7,0.0,STI-driven
7,21073/2/78977,1411,904,4082,0.0,0.0,0.0,0.6,0.1,STI-driven
7,21073/4/113068,6765,6598,6425,0.0,0.0,0.0,0.6,0.1,STI-driven
7,21073/5/103175,119,180,533,0.0,0.0,0.0,0.6,0.1,STI-driven
7,21073/8/78201,47,26,1597,0.0,0.0,0.0,0.6,0.1,STI-driven
7,21073/11/181447,5299,4347,5863,0.0,0.0,0.0,0.4,0.1,Jointly-driven
7,21074/8/140749,14,24,222,0.0,0.0,0.0,0.7,0.1,Jointly-driven
7,21074/14/173253,135,91,699,0.0,0.0,0.0,0.3,0.1,Jointly-driven
7,21074/19/135250,8,4,1036,0.31546487678572877,0.43067655807339306,0.0,0.6,0.1,STI-driven
7,21075/5/191200,739,652,1000,0.0,0.0,0.0,0.4,0.7,Jointly-driven
7,21075/8/83552,4,301,1,0.43067655807339306,0.0,1.0,0.5,0.1,Jointly-driven
7,21075/15/142069,866,1357,1014,0.0,0.0,0.0,0.2,0.2,Jointly-driven
7,21075/19/204974,74,1526,5,0.0,0.0,0.38685280723454163,0.2,0.2,Jointly-driven
7,21078/5/83552,2,2,2,0.6309297535714575,0.6309297535714575,0.6309297535714575,0.7,0.6,Jointly-driven
7,21078/7/204974,12,239,3,0.0,0.0,0.5,0.3,0.2,Jointly-driven
7,21078/13/124142,1491,2628,569,0.0,0.0,0.0,0.8,0.0,STI-driven
7,21086/7/205934,592,595,847,0.0,0.0,0.0,0.4,0.4,Jointly-driven
7,21086/9/206032,3320,3657,3127,0.0,0.0,0.0,0.5,0.4,Jointly-driven
7,21086/13/141648,912,679,1104,0.0,0.0,0.0,0.5,0.4,Jointly-driven
7,21089/1/205934,287,624,144,0.0,0.0,0.0,0.6,0.2,STI-driven
7,21089/16/78418,11,19,74,0.0,0.0,0.0,0.8,0.0,STI-driven
7,21113/3/139964,5134,3776,6697,0.0,0.0,0.0,0.8,0.1,STI-driven
7,21113/6/82876,4749,3637,6707,0.0,0.0,0.0,0.9,0.1,STI-driven
7,21116/3/155467,1181,188,6082,0.0,0.0,0.0,0.5,0.3,Jointly-driven
7,21116/3/182709,55,12,1203,0.0,0.0,0.0,0.5,0.3,Jointly-driven
7,21116/3/204409,303,335,658,0.0,0.0,0.0,0.5,0.3,Jointly-driven
7,21116/6/158571,862,494,3785,0.0,0.0,0.0,0.6,0.2,STI-driven
7,21116/7/77066,186,217,859,0.0,0.0,0.0,0.6,0.2,STI-driven
7,21128/6/112346,197,82,1325,0.0,0.0,0.0,0.7,0.4,STI-driven
7,21128/9/175843,524,284,1448,0.0,0.0,0.0,0.7,0.4,STI-driven
7,21128/13/159991,1005,1543,688,0.0,0.0,0.0,0.4,0.3,Jointly-driven
7,21142/3/188939,596,633,698,0.0,0.0,0.0,0.9,0.1,STI-driven
7,21142/7/195012,59,30,1240,0.0,0.0,0.0,0.5,0.3,Jointly-driven
7,21142/16/147279,1259,853,6016,0.0,0.0,0.0,0.7,0.1,Jointly-driven
7,21169/7/205934,130,169,389,0.0,0.0,0.0,0.6,0.5,Jointly-driven
7,21169/11/78340,70,58,195,0.0,0.0,0.0,0.5,0.7,Jointly-driven
7,21169/11/204870,324,142,1262,0.0,0.0,0.0,0.5,0.7,Jointly-driven
7,21182/9/206029,6381,6380,5317,0.0,0.0,0.0,0.7,0.1,STI-driven
7,21182/13/149543,72,64,765,0.0,0.0,0.0,0.5,0.1,Jointly-driven
7,21192/2/78340,167,98,366,0.0,0.0,0.0,0.4,0.3,Jointly-driven
7,21192/9/78418,11,4,321,0.0,0.43067655807339306,0.0,0.7,0.0,STI-driven
7,21192/14/116897,6700,6436,6642,0.0,0.0,0.0,0.5,0.0,STI-driven
7,21192/16/152789,145,77,1135,0.0,0.0,0.0,0.5,0.0,Jointly-driven
7,21192/16/119144,5,25,11,0.38685280723454163,0.0,0.0,0.5,0.0,Jointly-driven
7,21193/10/80865,422,203,2454,0.0,0.0,0.0,0.8,0.0,STI-driven
7,21204/5/173768,2079,2197,2639,0.0,0.0,0.0,0.5,0.0,Jointly-driven
7,21204/5/135571,9,24,31,0.3010299956639812,0.0,0.0,0.5,0.0,Jointly-driven
7,21204/13/205163,135,435,29,0.0,0.0,0.0,0.4,0.0,Jointly-driven
7,21221/3/186465,565,277,2599,0.0,0.0,0.0,0.6,0.1,STI-driven
7,21221/3/160266,1396,2121,1760,0.0,0.0,0.0,0.6,0.1,STI-driven
7,21221/8/118669,1965,1360,4682,0.0,0.0,0.0,0.6,0.2,STI-driven
7,21223/6/142910,39,69,35,0.0,0.0,0.0,0.4,0.6,Jointly-driven
7,21223/6/173785,421,420,502,0.0,0.0,0.0,0.4,0.6,Jointly-driven
7,21223/9/161313,1,1,10,1.0,1.0,0.2890648263178879,0.5,0.6,Jointly-driven
7,21223/9/155370,1191,1286,1916,0.0,0.0,0.0,0.5,0.6,Jointly-driven
7,21224/5/119576,270,334,1032,0.0,0.0,0.0,0.5,0.0,STI-driven
7,21226/3/202418,84,98,503,0.0,0.0,0.0,0.9,0.0,STI-driven
7,21226/4/187205,11,9,555,0.0,0.3010299956639812,0.0,0.9,0.0,STI-driven
7,21226/7/178711,499,1016,360,0.0,0.0,0.0,0.5,0.2,Jointly-driven
7,21238/4/91563,3700,2334,5990,0.0,0.0,0.0,0.6,0.2,STI-driven
7,21238/12/158903,3512,5571,544,0.0,0.0,0.0,0.3,0.0,Jointly-driven
7,21249/5/92989,1026,590,5516,0.0,0.0,0.0,0.6,0.0,STI-driven
7,21249/9/157758,126,313,264,0.0,0.0,0.0,0.5,0.0,STI-driven
7,21249/10/98088,887,1427,539,0.0,0.0,0.0,0.5,0.0,STI-driven
7,21287/1/170037,60,36,1427,0.0,0.0,0.0,0.4,0.2,Jointly-driven
7,21287/2/157187,5552,5295,5414,0.0,0.0,0.0,0.4,0.2,Jointly-driven
7,21287/12/204334,1656,1702,1513,0.0,0.0,0.0,0.4,0.2,Jointly-driven
7,21305/6/91089,6748,6745,6312,0.0,0.0,0.0,0.5,0.6,Jointly-driven
7,21305/6/106388,107,207,70,0.0,0.0,0.0,0.5,0.6,Jointly-driven
7,21305/9/100271,183,244,139,0.0,0.0,0.0,0.4,0.5,Jointly-driven
7,21305/9/120092,5,11,14,0.38685280723454163,0.0,0.0,0.4,0.5,Jointly-driven
7,21315/1/190418,1280,678,1878,0.0,0.0,0.0,0.3,0.5,Jointly-driven
7,21315/9/143259,152,134,1009,0.0,0.0,0.0,0.6,0.0,Jointly-driven
7,21315/16/107420,319,164,2261,0.0,0.0,0.0,0.4,0.1,Jointly-driven
7,21315/20/152497,77,26,1547,0.0,0.0,0.0,0.2,0.1,Jointly-driven
7,21317/7/204870,102,142,923,0.0,0.0,0.0,0.5,0.0,Jointly-driven
7,21317/9/78418,3510,3822,1577,0.0,0.0,0.0,0.5,0.0,Jointly-driven
7,21318/3/142823,159,60,607,0.0,0.0,0.0,0.4,0.6,Jointly-driven
7,21318/5/82476,15,4,778,0.0,0.43067655807339306,0.0,0.4,0.1,Jointly-driven
7,21318/7/111099,157,223,564,0.0,0.0,0.0,0.4,0.1,Jointly-driven
7,21318/9/175096,137,1332,39,0.0,0.0,0.0,0.6,0.1,Jointly-driven
7,21362/4/170376,1154,2114,447,0.0,0.0,0.0,0.5,0.3,Jointly-driven
7,21362/4/168664,1840,1833,2007,0.0,0.0,0.0,0.5,0.3,Jointly-driven
7,21362/4/151299,1651,1014,2872,0.0,0.0,0.0,0.5,0.3,Jointly-driven
7,21368/5/101264,4,9,11,0.43067655807339306,0.3010299956639812,0.0,0.6,0.3,Jointly-driven
7,21368/7/198355,2942,3443,3513,0.0,0.0,0.0,0.4,0.3,Jointly-driven
7,21368/10/126656,243,579,84,0.0,0.0,0.0,0.5,0.2,Jointly-driven
7,21368/11/191200,391,918,103,0.0,0.0,0.0,0.5,0.2,Jointly-driven
7,21384/7/112719,36,65,91,0.0,0.0,0.0,0.6,0.0,STI-driven
7,21384/8/199262,69,177,100,0.0,0.0,0.0,0.6,0.0,STI-driven
7,21384/12/170119,26,185,11,0.0,0.0,0.0,0.6,0.1,Jointly-driven
7,21394/3/123015,22,16,407,0.0,0.0,0.0,0.9,0.0,STI-driven
7,21394/3/140335,72,76,224,0.0,0.0,0.0,0.9,0.0,STI-driven
7,21394/8/152847,4,1,1185,0.43067655807339306,1.0,0.0,0.5,0.0,Jointly-driven
7,21402/3/114560,1193,984,1434,0.0,0.0,0.0,0.5,0.3,Jointly-driven
7,21402/7/114109,1946,1359,2623,0.0,0.0,0.0,0.5,0.2,Jointly-driven
7,21402/8/132291,1049,377,3813,0.0,0.0,0.0,0.5,0.2,Jointly-driven
7,21403/2/139199,5274,4582,5856,0.0,0.0,0.0,0.5,0.2,Jointly-driven
7,21403/6/175096,65,23,506,0.0,0.0,0.0,0.4,0.4,Jointly-driven
7,21405/6/77455,619,1444,350,0.0,0.0,0.0,0.3,0.4,Jointly-driven
7,21405/6/94056,213,286,266,0.0,0.0,0.0,0.3,0.4,Jointly-driven
7,21405/8/160038,870,602,1307,0.0,0.0,0.0,0.3,0.4,Jointly-driven
7,21405/8/134101,4844,2995,6605,0.0,0.0,0.0,0.3,0.4,Jointly-driven
7,21409/3/122164,1506,1378,1795,0.0,0.0,0.0,0.5,0.2,Jointly-driven
7,21409/4/181299,3,28,3,0.5,0.0,0.5,0.5,0.2,Jointly-driven
7,21409/5/121366,286,568,200,0.0,0.0,0.0,0.5,0.2,Jointly-driven
7,21410/4/159100,851,1307,394,0.0,0.0,0.0,0.3,0.4,Jointly-driven
7,21410/5/135485,449,254,1077,0.0,0.0,0.0,0.3,0.4,Jointly-driven
7,21410/8/202190,1667,3212,144,0.0,0.0,0.0,0.7,0.0,STI-driven
7,21411/4/112284,1131,854,2717,0.0,0.0,0.0,0.7,0.2,STI-driven
7,21411/4/196366,70,50,1150,0.0,0.0,0.0,0.7,0.2,STI-driven
7,21411/8/180224,56,16,1894,0.0,0.0,0.0,0.8,0.2,STI-driven
7,21412/6/135634,5204,6776,2078,0.0,0.0,0.0,0.5,0.4,Jointly-driven
7,21412/8/199642,4002,3555,4628,0.0,0.0,0.0,0.6,0.4,Jointly-driven
7,21412/9/131811,6100,6607,4299,0.0,0.0,0.0,0.6,0.4,Jointly-driven
7,21412/9/174439,1932,2499,1214,0.0,0.0,0.0,0.6,0.4,Jointly-driven
7,21414/7/170059,90,58,706,0.0,0.0,0.0,0.5,0.3,Jointly-driven
7,21418/10/193591,353,446,630,0.0,0.0,0.0,0.7,0.0,STI-driven
7,21418/10/160038,2743,3968,709,0.0,0.0,0.0,0.7,0.0,STI-driven
7,21419/4/84798,7,5,44,0.3333333333333333,0.38685280723454163,0.0,0.7,0.1,STI-driven
7,21419/5/196132,1336,1271,1524,0.0,0.0,0.0,0.7,0.1,STI-driven
7,21419/8/115908,18,21,67,0.0,0.0,0.0,0.5,0.1,Jointly-driven
7,21419/13/202418,215,223,401,0.0,0.0,0.0,0.5,0.2,Jointly-driven
7,21419/13/81660,2057,2295,1606,0.0,0.0,0.0,0.5,0.2,Jointly-driven
7,21421/5/78340,13,6,228,0.0,0.3562071871080222,0.0,0.5,0.5,Jointly-driven
7,21421/5/161313,2,1,178,0.6309297535714575,1.0,0.0,0.5,0.5,Jointly-driven
7,21421/8/118020,2283,2521,2756,0.0,0.0,0.0,0.6,0.5,Jointly-driven
7,21421/8/159166,2086,1285,4624,0.0,0.0,0.0,0.6,0.5,Jointly-driven
7,21464/3/204974,1,1,90,1.0,1.0,0.0,1.0,0.1,STI-driven
7,21464/3/184098,86,86,36,0.0,0.0,0.0,1.0,0.1,STI-driven
7,21464/3/117958,3319,3319,6184,0.0,0.0,0.0,1.0,0.1,STI-driven
7,21464/4/188808,24,24,122,0.0,0.0,0.0,1.0,0.1,STI-driven
7,21464/7/88141,3,3,21,0.5,0.5,0.0,1.0,0.0,STI-driven
7,21464/12/86045,3000,3000,4597,0.0,0.0,0.0,1.0,0.0,STI-driven
7,21464/18/158006,683,683,252,0.0,0.0,0.0,1.0,0.0,STI-driven
7,21464/21/169419,181,181,54,0.0,0.0,0.0,1.0,0.0,STI-driven
7,21504/5/123015,55,53,397,0.0,0.0,0.0,0.5,0.0,STI-driven
7,21504/7/135788,3917,4169,3649,0.0,0.0,0.0,0.6,0.0,Jointly-driven
7,21504/11/202418,148,85,1177,0.0,0.0,0.0,0.7,0.0,STI-driven
7,21509/5/194157,1395,2598,681,0.0,0.0,0.0,0.4,0.0,Jointly-driven
7,21509/7/141576,3790,2384,5339,0.0,0.0,0.0,0.4,0.2,Jointly-driven
7,21530/6/101794,224,239,568,0.0,0.0,0.0,0.5,0.2,Jointly-driven
7,21530/6/161313,3,1,213,0.5,1.0,0.0,0.5,0.2,Jointly-driven
7,21530/10/85036,25,34,100,0.0,0.0,0.0,0.6,0.2,Jointly-driven
7,21530/10/114759,112,56,925,0.0,0.0,0.0,0.6,0.2,Jointly-driven
7,21568/6/195447,201,201,1540,0.0,0.0,0.0,1.0,0.0,STI-driven
7,21568/6/97820,2842,2842,4414,0.0,0.0,0.0,1.0,0.0,STI-driven
7,21568/9/165308,1351,1351,893,0.0,0.0,0.0,1.0,0.0,STI-driven
7,21585/4/140771,1673,3642,723,0.0,0.0,0.0,0.5,0.2,Jointly-driven
7,21585/6/157783,870,2119,377,0.0,0.0,0.0,0.5,0.2,Jointly-driven
7,21585/8/90272,4841,5823,3508,0.0,0.0,0.0,0.6,0.3,Jointly-driven
7,21600/5/134726,328,857,139,0.0,0.0,0.0,0.5,0.3,Jointly-driven
7,21600/5/196668,818,1012,1134,0.0,0.0,0.0,0.5,0.3,Jointly-driven
7,21600/7/95075,4156,2951,5688,0.0,0.0,0.0,0.6,0.4,Jointly-driven
7,21614/3/188057,277,409,300,0.0,0.0,0.0,0.4,0.2,Jointly-driven
7,21614/3/201744,207,313,661,0.0,0.0,0.0,0.4,0.2,Jointly-driven
7,21614/6/122058,1638,1941,1386,0.0,0.0,0.0,0.4,0.1,Jointly-driven
7,21619/4/112277,798,1168,789,0.0,0.0,0.0,0.4,0.3,Jointly-driven
7,21619/4/193166,1802,1425,3350,0.0,0.0,0.0,0.4,0.3,Jointly-driven
7,21619/7/172122,2427,570,5025,0.0,0.0,0.0,0.2,0.5,Jointly-driven
7,21621/2/79278,493,1014,547,0.0,0.0,0.0,0.7,0.1,STI-driven
7,21621/4/154716,804,572,4609,0.0,0.0,0.0,0.7,0.1,STI-driven
7,21621/6/104180,687,2715,57,0.0,0.0,0.0,0.7,0.0,STI-driven
7,21622/1/205724,2580,2065,3461,0.0,0.0,0.0,0.6,0.5,Jointly-driven
7,21622/6/204974,1,3,4,1.0,0.5,0.43067655807339306,0.5,0.3,Jointly-driven
7,21622/8/78418,5,36,14,0.38685280723454163,0.0,0.0,0.6,0.3,STI-driven
7,21623/3/185171,300,248,311,0.0,0.0,0.0,0.7,0.5,Jointly-driven
7,21623/7/180224,29,23,989,0.0,0.0,0.0,0.7,0.1,STI-driven
7,21623/7/167031,427,342,1717,0.0,0.0,0.0,0.7,0.1,STI-driven
7,21644/5/146640,2082,2103,1768,0.0,0.0,0.0,0.4,0.2,Jointly-driven
7,21644/5/114560,2705,2192,3353,0.0,0.0,0.0,0.4,0.2,Jointly-driven
7,21644/7/190814,822,708,1203,0.0,0.0,0.0,0.5,0.1,Jointly-driven
7,21657/4/188165,168,73,3246,0.0,0.0,0.0,0.5,0.1,Jointly-driven
7,21657/4/129966,1089,1382,1247,0.0,0.0,0.0,0.5,0.1,Jointly-driven
7,21657/7/147934,119,97,1280,0.0,0.0,0.0,0.5,0.1,Jointly-driven
7,21657/8/101264,1,17,29,1.0,0.0,0.0,0.5,0.1,Jointly-driven
7,21661/4/141578,40,45,169,0.0,0.0,0.0,0.7,0.3,STI-driven
7,21661/7/196336,10,13,133,0.2890648263178879,0.0,0.0,0.3,0.3,Jointly-driven
7,21661/10/147826,392,202,1146,0.0,0.0,0.0,0.4,0.2,Jointly-driven
7,21671/5/204794,26,65,45,0.0,0.0,0.0,0.4,0.4,Jointly-driven
7,21671/8/206056,5731,4550,5849,0.0,0.0,0.0,0.5,0.4,Jointly-driven
7,21671/12/198342,1556,2452,1736,0.0,0.0,0.0,0.1,0.1,Jointly-driven
7,21673/6/112737,817,1509,585,0.0,0.0,0.0,0.2,0.2,Jointly-driven
7,21673/6/122385,58,60,660,0.0,0.0,0.0,0.2,0.2,Jointly-driven
7,21673/10/172122,283,280,1389,0.0,0.0,0.0,0.5,0.1,Jointly-driven
7,21674/4/161313,111,192,51,0.0,0.0,0.0,0.7,0.6,Jointly-driven
7,21674/11/204870,471,309,840,0.0,0.0,0.0,0.8,0.5,STI-driven
7,21674/21/148904,340,441,298,0.0,0.0,0.0,0.5,0.3,Jointly-driven
7,21682/2/199831,68,43,2172,0.0,0.0,0.0,0.6,0.0,Jointly-driven
7,21682/4/180926,85,74,1510,0.0,0.0,0.0,0.6,0.0,Jointly-driven
7,21682/10/205435,347,485,302,0.0,0.0,0.0,0.6,0.1,Jointly-driven
7,21689/3/137821,335,257,1813,0.0,0.0,0.0,0.9,0.1,STI-driven
7,21689/5/194583,840,758,2056,0.0,0.0,0.0,0.8,0.1,STI-driven
7,21689/8/150887,9,60,19,0.3010299956639812,0.0,0.0,0.8,0.1,STI-driven
7,21695/7/203386,5534,3669,6362,0.0,0.0,0.0,0.4,0.2,Jointly-driven
7,21695/7/113035,34,38,257,0.0,0.0,0.0,0.4,0.2,Jointly-driven
7,21696/4/155969,146,146,604,0.0,0.0,0.0,1.0,0.2,STI-driven
7,21696/4/78418,37,37,198,0.0,0.0,0.0,1.0,0.2,STI-driven
7,21696/5/197213,10,10,281,0.2890648263178879,0.2890648263178879,0.0,1.0,0.2,STI-driven
7,21696/7/101264,2,2,115,0.6309297535714575,0.6309297535714575,0.0,1.0,0.1,STI-driven
7,21696/9/103896,494,494,41,0.0,0.0,0.0,1.0,0.0,STI-driven
7,21696/11/137465,1625,1625,1164,0.0,0.0,0.0,1.0,0.1,STI-driven
7,21705/2/204870,240,85,829,0.0,0.0,0.0,0.7,0.6,Jointly-driven
7,21705/7/184098,249,298,277,0.0,0.0,0.0,0.5,0.3,Jointly-driven
7,21705/7/111429,170,406,50,0.0,0.0,0.0,0.5,0.3,Jointly-driven
7,21705/9/91332,41,45,75,0.0,0.0,0.0,0.6,0.4,Jointly-driven
7,21705/9/81385,261,348,237,0.0,0.0,0.0,0.6,0.4,Jointly-driven
7,21710/2/82894,457,290,921,0.0,0.0,0.0,0.5,0.4,Jointly-driven
7,21710/6/199831,207,149,1097,0.0,0.0,0.0,0.5,0.1,Jointly-driven
7,21710/8/177283,2777,3504,2360,0.0,0.0,0.0,0.3,0.2,Jointly-driven
7,21710/9/140066,30,11,992,0.0,0.0,0.0,0.3,0.2,Jointly-driven
7,21710/13/169487,112,98,813,0.0,0.0,0.0,0.5,0.2,Jointly-driven
7,21729/5/134157,4493,5327,2628,0.0,0.0,0.0,0.5,0.2,Jointly-driven
7,21729/6/204157,6340,5325,6536,0.0,0.0,0.0,0.5,0.2,Jointly-driven
7,21729/15/187061,5726,4841,5411,0.0,0.0,0.0,0.5,0.2,Jointly-driven
7,21730/15/186228,997,1750,637,0.0,0.0,0.0,0.6,0.4,Jointly-driven
7,21773/6/197213,24,85,98,0.0,0.0,0.0,0.2,0.6,Jointly-driven
7,21773/6/146771,17,16,172,0.0,0.0,0.0,0.2,0.6,Jointly-driven
7,21773/7/157190,19,138,44,0.0,0.0,0.0,0.2,0.6,Jointly-driven
7,21779/1/204870,316,110,1360,0.0,0.0,0.0,0.4,0.5,Jointly-driven
7,21779/5/205163,125,431,26,0.0,0.0,0.0,0.5,0.1,Jointly-driven
7,21779/7/78418,1,1,81,1.0,1.0,0.0,0.5,0.1,Jointly-driven
7,21780/7/136983,80,53,169,0.0,0.0,0.0,0.7,0.4,STI-driven
7,21780/8/120948,259,129,559,0.0,0.0,0.0,0.7,0.4,STI-driven
7,21780/13/178715,1175,1655,470,0.0,0.0,0.0,0.7,0.0,STI-driven
7,21781/7/138081,441,351,792,0.0,0.0,0.0,0.3,0.4,Jointly-driven
7,21781/7/188779,87,150,157,0.0,0.0,0.0,0.3,0.4,Jointly-driven
7,21781/9/85750,372,504,391,0.0,0.0,0.0,0.4,0.3,Jointly-driven
7,21781/15/111918,90,100,187,0.0,0.0,0.0,0.5,0.3,Jointly-driven
7,21783/8/148505,195,269,364,0.0,0.0,0.0,0.7,0.0,STI-driven
7,21783/9/140066,1,2,129,1.0,0.6309297535714575,0.0,0.7,0.0,STI-driven
7,21783/15/178502,376,581,269,0.0,0.0,0.0,0.6,0.0,STI-driven
7,21785/8/170119,20,20,37,0.0,0.0,0.0,1.0,0.1,STI-driven
7,21785/8/88751,39,39,1428,0.0,0.0,0.0,1.0,0.1,STI-driven
7,21785/11/136463,1004,1004,1567,0.0,0.0,0.0,1.0,0.1,STI-driven
7,21786/3/204870,499,139,1860,0.0,0.0,0.0,0.5,0.6,Jointly-driven
7,21786/4/204974,1,1,8,1.0,1.0,0.31546487678572877,0.5,0.6,Jointly-driven
7,21786/11/132728,12,12,335,0.0,0.0,0.0,0.7,0.0,Jointly-driven
7,21786/12/140335,23,49,36,0.0,0.0,0.0,0.7,0.0,Jointly-driven
7,21786/14/178711,304,595,247,0.0,0.0,0.0,0.6,0.0,Jointly-driven
7,21786/16/200103,451,291,3986,0.0,0.0,0.0,0.5,0.0,Jointly-driven
7,21787/6/79278,227,317,505,0.0,0.0,0.0,0.9,0.1,STI-driven
7,21787/8/145997,8,7,707,0.31546487678572877,0.3333333333333333,0.0,0.9,0.1,STI-driven
7,21787/11/169617,443,662,564,0.0,0.0,0.0,0.7,0.0,STI-driven
7,21788/5/205435,20,214,1,0.0,0.0,1.0,0.4,0.4,Jointly-driven
7,21788/6/185139,43,165,46,0.0,0.0,0.0,0.4,0.4,Jointly-driven
7,21788/6/134719,1769,1410,2001,0.0,0.0,0.0,0.4,0.4,Jointly-driven
7,21788/7/134633,3045,1690,5142,0.0,0.0,0.0,0.4,0.4,Jointly-driven
7,21788/9/191947,3055,2162,4379,0.0,0.0,0.0,0.5,0.4,Jointly-driven
7,21794/7/178984,205,138,676,0.0,0.0,0.0,0.5,0.5,Jointly-driven
7,21794/9/205163,26,40,112,0.0,0.0,0.0,0.3,0.5,Jointly-driven
7,21794/9/206044,5840,5778,5382,0.0,0.0,0.0,0.3,0.5,Jointly-driven
7,21794/14/205435,190,1977,1,0.0,0.0,1.0,0.4,0.0,Jointly-driven
7,21799/9/91677,5085,4189,5627,0.0,0.0,0.0,0.6,0.2,Jointly-driven
7,21799/10/135858,4690,4032,5268,0.0,0.0,0.0,0.6,0.2,Jointly-driven
7,21805/5/160862,2178,2140,2436,0.0,0.0,0.0,0.5,0.3,Jointly-driven
7,21805/6/138311,876,482,2647,0.0,0.0,0.0,0.5,0.3,Jointly-driven
7,21805/10/196757,696,553,1769,0.0,0.0,0.0,0.7,0.3,STI-driven
7,21807/4/90950,4000,5242,929,0.0,0.0,0.0,0.7,0.1,STI-driven
7,21807/4/144550,200,262,356,0.0,0.0,0.0,0.7,0.1,STI-driven
7,21807/7/170277,1416,1301,1656,0.0,0.0,0.0,0.8,0.1,STI-driven
7,21825/8/122385,20,22,66,0.0,0.0,0.0,0.4,0.2,Jointly-driven
7,21825/14/199831,73,34,393,0.0,0.0,0.0,0.3,0.2,Jointly-driven
7,21829/6/178096,237,837,113,0.0,0.0,0.0,0.4,0.2,Jointly-driven
7,21839/8/199831,9,24,12,0.3010299956639812,0.0,0.0,0.4,0.5,Jointly-driven
7,21839/8/177283,5178,4102,5937,0.0,0.0,0.0,0.4,0.5,Jointly-driven
7,21841/6/200228,5113,5989,3794,0.0,0.0,0.0,0.5,0.4,Jointly-driven
7,21841/6/111776,61,123,57,0.0,0.0,0.0,0.5,0.4,Jointly-driven
7,21841/8/176100,4204,4777,3118,0.0,0.0,0.0,0.4,0.2,Jointly-driven
7,21841/8/198460,738,1132,548,0.0,0.0,0.0,0.4,0.2,Jointly-driven
7,21843/6/193711,625,1088,467,0.0,0.0,0.0,0.5,0.6,Jointly-driven
7,21843/6/118637,3734,4728,3432,0.0,0.0,0.0,0.5,0.6,Jointly-driven
7,21852/6/107420,77,10,865,0.0,0.2890648263178879,0.0,0.5,0.4,Jointly-driven
7,21852/8/131730,454,278,1688,0.0,0.0,0.0,0.4,0.4,Jointly-driven
7,21861/6/193034,137,154,532,0.0,0.0,0.0,0.5,0.3,Jointly-driven
7,21861/7/86245,163,29,3060,0.0,0.0,0.0,0.5,0.3,Jointly-driven
7,21861/11/204870,59,111,118,0.0,0.0,0.0,0.5,0.4,Jointly-driven
7,21863/2/204870,65,101,94,0.0,0.0,0.0,0.4,0.4,Jointly-driven
7,21863/3/161313,190,458,51,0.0,0.0,0.0,0.4,0.4,Jointly-driven
7,21863/3/151318,281,707,123,0.0,0.0,0.0,0.4,0.4,Jointly-driven
7,21863/7/127115,91,164,120,0.0,0.0,0.0,0.6,0.1,STI-driven
7,21863/7/192815,153,282,73,0.0,0.0,0.0,0.6,0.1,STI-driven
7,21865/5/98088,26,23,43,0.0,0.0,0.0,0.3,0.6,LTP-driven
7,21866/6/141928,917,1591,174,0.0,0.0,0.0,0.5,0.1,Jointly-driven
7,21866/9/105916,1298,1403,2663,0.0,0.0,0.0,0.5,0.1,Jointly-driven
7,21866/9/111918,1152,1530,684,0.0,0.0,0.0,0.5,0.1,Jointly-driven
7,21868/7/141928,481,551,580,0.0,0.0,0.0,0.4,0.3,Jointly-driven
7,21868/7/174475,19,9,353,0.0,0.3010299956639812,0.0,0.4,0.3,Jointly-driven
7,21868/11/116125,390,120,2415,0.0,0.0,0.0,0.3,0.3,Jointly-driven
7,21868/11/150451,73,20,834,0.0,0.0,0.0,0.3,0.3,Jointly-driven
7,21868/13/85159,1651,1022,4318,0.0,0.0,0.0,0.5,0.2,Jointly-driven
7,21876/1/104711,3671,4403,3136,0.0,0.0,0.0,0.5,0.4,Jointly-driven
7,21876/4/112069,5,3,80,0.38685280723454163,0.5,0.0,0.7,0.2,STI-driven
7,21876/7/111429,28,81,19,0.0,0.0,0.0,0.8,0.3,STI-driven
7,21876/9/170305,26,37,84,0.0,0.0,0.0,0.8,0.2,STI-driven
7,21890/3/122604,38,1,3318,0.0,1.0,0.0,0.1,0.3,Jointly-driven
7,21890/6/140749,29,3,2315,0.0,0.5,0.0,0.1,0.2,Jointly-driven
7,21890/6/81792,54,8,2497,0.0,0.31546487678572877,0.0,0.1,0.2,Jointly-driven
7,21891/7/101264,608,3972,12,0.0,0.0,0.0,0.3,0.1,Jointly-driven
7,21891/12/142823,127,406,158,0.0,0.0,0.0,0.4,0.1,Jointly-driven
7,21892/5/84273,52,130,51,0.0,0.0,0.0,0.6,0.4,Jointly-driven
7,21892/10/193871,1649,1047,3185,0.0,0.0,0.0,0.4,0.3,Jointly-driven
7,21898/4/205435,9,22,11,0.3010299956639812,0.0,0.0,0.6,0.4,Jointly-driven
7,21898/4/148120,141,222,186,0.0,0.0,0.0,0.6,0.4,Jointly-driven
7,21898/9/77806,3184,2332,4742,0.0,0.0,0.0,0.6,0.4,Jointly-driven
7,21905/3/204870,131,270,114,0.0,0.0,0.0,0.6,0.3,Jointly-driven
7,21905/3/141578,187,208,284,0.0,0.0,0.0,0.6,0.3,Jointly-driven
7,21905/4/130591,1161,658,1721,0.0,0.0,0.0,0.6,0.3,Jointly-driven
7,21905/4/77161,421,552,330,0.0,0.0,0.0,0.6,0.3,Jointly-driven
7,21911/7/76781,3344,3641,3364,0.0,0.0,0.0,0.4,0.3,Jointly-driven
7,21913/6/147669,3669,2224,4349,0.0,0.0,0.0,0.4,0.7,LTP-driven
7,21913/10/193041,2482,1810,2919,0.0,0.0,0.0,0.5,0.7,LTP-driven
7,21921/2/205430,634,1085,406,0.0,0.0,0.0,0.6,0.3,Jointly-driven
7,21921/6/77806,3494,2718,4666,0.0,0.0,0.0,0.5,0.7,Jointly-driven
7,21921/10/131730,290,26,2354,0.0,0.0,0.0,0.6,0.6,Jointly-driven
7,21926/2/146872,2480,2399,2162,0.0,0.0,0.0,0.5,0.4,Jointly-driven
7,21926/8/109487,747,1816,296,0.0,0.0,0.0,0.4,0.3,Jointly-driven
7,21937/4/148222,1079,1762,525,0.0,0.0,0.0,0.6,0.6,Jointly-driven
7,21937/11/118338,32,30,1379,0.0,0.0,0.0,0.8,0.3,STI-driven
7,21941/4/79543,2600,1790,3489,0.0,0.0,0.0,0.4,0.3,Jointly-driven
7,21941/5/84001,47,12,473,0.0,0.0,0.0,0.4,0.3,Jointly-driven
7,21941/6/199642,1247,904,2666,0.0,0.0,0.0,0.4,0.3,Jointly-driven
7,21941/9/99659,2923,2409,4533,0.0,0.0,0.0,0.2,0.2,Jointly-driven
7,21942/8/136000,14,15,221,0.0,0.0,0.0,0.7,0.1,STI-driven
7,21942/9/173575,36,36,635,0.0,0.0,0.0,0.7,0.1,STI-driven
7,21942/13/80067,12,4,562,0.0,0.43067655807339306,0.0,0.6,0.1,STI-driven
7,21954/3/204651,256,1476,30,0.0,0.0,0.0,0.6,0.0,STI-driven
7,21954/5/127328,189,213,1234,0.0,0.0,0.0,0.6,0.0,STI-driven
7,21954/5/152744,29,15,1914,0.0,0.0,0.0,0.6,0.0,STI-driven
7,21954/10/123754,991,460,4959,0.0,0.0,0.0,0.5,0.0,Jointly-driven
7,21960/6/188260,5730,4665,5883,0.0,0.0,0.0,0.6,0.4,Jointly-driven
7,21960/9/168644,1334,2269,892,0.0,0.0,0.0,0.5,0.5,Jointly-driven
7,21960/12/87664,18,32,170,0.0,0.0,0.0,0.6,0.4,Jointly-driven
7,21961/4/83396,4327,4120,4944,0.0,0.0,0.0,0.2,0.5,Jointly-driven
7,21961/4/126786,6326,6583,5004,0.0,0.0,0.0,0.2,0.5,Jointly-driven
7,21961/9/105031,148,156,263,0.0,0.0,0.0,0.2,0.5,LTP-driven
7,21963/2/114560,295,124,1447,0.0,0.0,0.0,0.5,0.4,Jointly-driven
7,21963/2/125515,4345,3328,5573,0.0,0.0,0.0,0.5,0.4,Jointly-driven
7,21963/4/104180,3,6,217,0.5,0.3562071871080222,0.0,0.7,0.0,STI-driven
7,21963/4/150941,1671,1231,2628,0.0,0.0,0.0,0.7,0.0,STI-driven
7,21974/3/185139,32,20,345,0.0,0.0,0.0,0.5,0.1,Jointly-driven
7,21974/6/120849,88,111,197,0.0,0.0,0.0,0.6,0.3,Jointly-driven
7,21975/3/202434,205,559,162,0.0,0.0,0.0,0.3,0.4,Jointly-driven
7,21975/4/120003,265,234,508,0.0,0.0,0.0,0.3,0.4,Jointly-driven
7,21975/8/142933,1532,1326,1877,0.0,0.0,0.0,0.5,0.3,Jointly-driven
7,21975/12/154189,1079,1592,699,0.0,0.0,0.0,0.3,0.3,Jointly-driven
7,21980/4/90486,23,16,1021,0.0,0.0,0.0,0.7,0.0,STI-driven
7,21980/4/184098,1,1,190,1.0,1.0,0.0,0.7,0.0,STI-driven
7,21980/7/175522,52,61,777,0.0,0.0,0.0,0.5,0.0,Jointly-driven
7,21980/7/144701,234,120,2730,0.0,0.0,0.0,0.5,0.0,Jointly-driven
7,21985/6/157221,560,477,1587,0.0,0.0,0.0,0.6,0.0,STI-driven
7,21985/6/153346,72,58,630,0.0,0.0,0.0,0.6,0.0,STI-driven
7,21985/10/204899,77,25,2617,0.0,0.0,0.0,0.7,0.0,STI-driven
7,21988/6/194556,204,102,1470,0.0,0.0,0.0,0.3,0.2,Jointly-driven
7,21988/10/205194,2710,1756,3914,0.0,0.0,0.0,0.4,0.2,Jointly-driven
7,22009/2/98259,6151,6523,4473,0.0,0.0,0.0,0.5,0.2,Jointly-driven
7,22009/4/120722,527,1048,366,0.0,0.0,0.0,0.6,0.1,STI-driven
7,22009/10/197186,2496,1356,6107,0.0,0.0,0.0,0.5,0.1,Jointly-driven
7,22009/15/173899,3789,1396,6785,0.0,0.0,0.0,0.5,0.1,Jointly-driven
7,22026/8/152847,96,62,2095,0.0,0.0,0.0,0.8,0.0,Jointly-driven
7,22026/11/107826,42,109,61,0.0,0.0,0.0,0.5,0.0,STI-driven
7,22029/5/205353,421,806,284,0.0,0.0,0.0,0.4,0.3,Jointly-driven
7,22029/9/150578,163,102,719,0.0,0.0,0.0,0.7,0.3,STI-driven
7,22029/16/199449,75,429,87,0.0,0.0,0.0,0.3,0.3,Jointly-driven
7,22032/2/204794,351,351,26,0.0,0.0,0.0,1.0,0.1,STI-driven
7,22032/2/99244,250,250,290,0.0,0.0,0.0,1.0,0.1,STI-driven
7,22032/3/81385,444,444,455,0.0,0.0,0.0,1.0,0.1,STI-driven
7,22032/3/141578,170,170,205,0.0,0.0,0.0,1.0,0.1,STI-driven
7,22032/7/184951,15,15,280,0.0,0.0,0.0,1.0,0.2,STI-driven
7,22036/8/100646,2635,4039,257,0.0,0.0,0.0,0.5,0.0,Jointly-driven
7,22036/10/130891,2424,4981,127,0.0,0.0,0.0,0.4,0.1,Jointly-driven
7,22036/13/89668,997,1830,219,0.0,0.0,0.0,0.5,0.0,Jointly-driven
7,22037/7/184691,4228,2652,6304,0.0,0.0,0.0,0.5,0.3,Jointly-driven
7,22037/8/160437,913,596,1411,0.0,0.0,0.0,0.5,0.3,Jointly-driven
7,22037/11/169319,1882,1666,3183,0.0,0.0,0.0,0.6,0.2,STI-driven
7,22059/5/204963,1357,1926,385,0.0,0.0,0.0,0.8,0.1,STI-driven
7,22059/9/164364,201,122,1274,0.0,0.0,0.0,0.6,0.1,Jointly-driven
7,22064/4/140066,10,28,42,0.2890648263178879,0.0,0.0,0.5,0.1,Jointly-driven
7,22064/5/197200,21,22,161,0.0,0.0,0.0,0.5,0.1,Jointly-driven
7,22073/6/194600,4856,3839,6057,0.0,0.0,0.0,0.6,0.3,STI-driven
7,22073/8/176702,2644,2161,2893,0.0,0.0,0.0,0.9,0.3,STI-driven
7,22073/11/204870,1612,1901,1325,0.0,0.0,0.0,0.5,0.3,Jointly-driven
7,22080/8/117159,1321,2240,480,0.0,0.0,0.0,0.3,0.2,Jointly-driven
7,22080/12/163586,5971,6565,3080,0.0,0.0,0.0,0.6,0.1,Jointly-driven
7,22083/6/140335,115,92,237,0.0,0.0,0.0,0.4,0.6,Jointly-driven
7,22083/8/192431,3079,1337,5529,0.0,0.0,0.0,0.4,0.5,Jointly-driven
7,22083/10/188311,5317,5927,4424,0.0,0.0,0.0,0.4,0.5,Jointly-driven
7,22087/5/152744,560,302,871,0.0,0.0,0.0,0.6,0.7,Jointly-driven
7,22087/7/139492,637,453,908,0.0,0.0,0.0,0.5,0.5,Jointly-driven
7,22087/8/174475,63,31,306,0.0,0.0,0.0,0.5,0.5,Jointly-driven
7,22087/10/168161,2398,2633,1642,0.0,0.0,0.0,0.4,0.8,LTP-driven
7,22095/5/205376,359,261,1296,0.0,0.0,0.0,0.7,0.2,STI-driven
7,22095/7/90253,90,59,682,0.0,0.0,0.0,0.6,0.3,STI-driven
7,22095/12/139333,272,341,934,0.0,0.0,0.0,0.6,0.0,Jointly-driven
7,22105/5/176027,6771,6518,6786,0.0,0.0,0.0,0.4,0.3,Jointly-driven
7,22105/8/155969,17,47,128,0.0,0.0,0.0,0.5,0.3,Jointly-driven
7,22105/11/182674,503,192,1873,0.0,0.0,0.0,0.4,0.5,Jointly-driven
7,22109/3/110309,1239,1433,944,0.0,0.0,0.0,0.5,0.4,Jointly-driven
7,22109/6/189328,439,539,607,0.0,0.0,0.0,0.3,0.4,Jointly-driven
7,22109/8/200523,1028,1961,288,0.0,0.0,0.0,0.2,0.4,Jointly-driven
7,22109/9/144701,2216,2121,2151,0.0,0.0,0.0,0.2,0.4,Jointly-driven
7,22124/3/205430,258,79,975,0.0,0.0,0.0,0.6,0.6,Jointly-driven
7,22124/6/204904,1999,3184,920,0.0,0.0,0.0,0.5,0.1,Jointly-driven
7,22124/10/89838,2975,2775,4046,0.0,0.0,0.0,0.6,0.1,Jointly-driven
7,22128/6/96281,19,32,37,0.0,0.0,0.0,0.6,0.2,Jointly-driven
7,22128/8/179081,2982,2997,3633,0.0,0.0,0.0,0.5,0.4,Jointly-driven
7,22130/2/154844,15,13,686,0.0,0.0,0.0,0.9,0.0,STI-driven
7,22130/3/108278,1,1,1250,1.0,1.0,0.0,0.9,0.0,STI-driven
7,22130/3/101005,359,135,5885,0.0,0.0,0.0,0.9,0.0,STI-driven
7,22130/7/78418,28,105,91,0.0,0.0,0.0,0.6,0.1,STI-driven
7,22130/13/170277,96,46,1200,0.0,0.0,0.0,0.6,0.2,Jointly-driven
7,22135/3/85159,1975,1654,3944,0.0,0.0,0.0,0.7,0.1,Jointly-driven
7,22135/4/150451,61,33,698,0.0,0.0,0.0,0.7,0.1,Jointly-driven
7,22135/4/125280,414,264,1808,0.0,0.0,0.0,0.7,0.1,Jointly-driven
7,22135/6/166052,609,202,3345,0.0,0.0,0.0,0.5,0.3,Jointly-driven
7,22135/9/174475,9,17,73,0.3010299956639812,0.0,0.0,0.4,0.3,Jointly-driven
7,22135/13/98088,31,34,202,0.0,0.0,0.0,0.7,0.2,Jointly-driven
7,22136/6/109911,2208,2037,2734,0.0,0.0,0.0,0.5,0.1,Jointly-driven
7,22136/10/158528,2141,1439,2571,0.0,0.0,0.0,0.3,0.3,Jointly-driven
7,22138/6/86397,3383,4377,2976,0.0,0.0,0.0,0.8,0.4,STI-driven
7,22138/6/100646,478,774,327,0.0,0.0,0.0,0.8,0.4,STI-driven
7,22139/2/136912,5978,5355,6263,0.0,0.0,0.0,0.5,0.1,Jointly-driven
7,22139/2/178715,741,657,972,0.0,0.0,0.0,0.5,0.1,Jointly-driven
7,22139/6/123589,2876,3173,2013,0.0,0.0,0.0,0.7,0.1,STI-driven
7,22139/6/109030,391,389,728,0.0,0.0,0.0,0.7,0.1,STI-driven
7,22139/9/124457,3324,3375,3752,0.0,0.0,0.0,0.5,0.1,Jointly-driven
7,22158/4/184098,10,4,536,0.2890648263178879,0.43067655807339306,0.0,0.6,0.2,Jointly-driven
7,22158/4/111429,67,73,283,0.0,0.0,0.0,0.6,0.2,Jointly-driven
7,22158/6/134106,5,9,21,0.38685280723454163,0.3010299956639812,0.0,0.6,0.2,STI-driven
7,22158/10/108195,74,40,721,0.0,0.0,0.0,0.7,0.2,STI-driven
7,22158/12/78504,2703,1438,6577,0.0,0.0,0.0,0.7,0.2,STI-driven
7,22158/15/136632,74,87,182,0.0,0.0,0.0,0.4,0.6,Jointly-driven
7,22159/6/147538,4651,3697,6064,0.0,0.0,0.0,0.5,0.1,Jointly-driven
7,22159/10/166729,195,107,1084,0.0,0.0,0.0,0.6,0.2,STI-driven
7,22159/14/174394,5860,5651,5586,0.0,0.0,0.0,0.7,0.2,Jointly-driven
7,22161/2/132674,3408,3852,1948,0.0,0.0,0.0,0.5,0.0,STI-driven
7,22161/5/184206,210,127,1629,0.0,0.0,0.0,0.4,0.1,Jointly-driven
7,22161/10/156698,983,985,1146,0.0,0.0,0.0,0.6,0.1,Jointly-driven
7,22169/6/195012,2,2,375,0.6309297535714575,0.6309297535714575,0.0,0.7,0.0,Jointly-driven
7,22169/12/170037,128,273,56,0.0,0.0,0.0,0.8,0.0,Jointly-driven
7,22175/9/96197,1462,775,4549,0.0,0.0,0.0,0.5,0.1,Jointly-driven
7,22175/16/98683,1295,2722,489,0.0,0.0,0.0,0.6,0.2,STI-driven
7,22185/5/195424,695,867,555,0.0,0.0,0.0,0.6,0.1,Jointly-driven
7,22185/10/198967,268,272,839,0.0,0.0,0.0,0.6,0.4,Jointly-driven
7,22185/10/127676,18,7,1159,0.0,0.3333333333333333,0.0,0.6,0.4,Jointly-driven
7,22185/17/202190,6,11,9,0.3562071871080222,0.0,0.3010299956639812,0.7,0.5,STI-driven
7,22190/5/205435,81,84,427,0.0,0.0,0.0,0.6,0.0,Jointly-driven
7,22190/7/148120,43,79,365,0.0,0.0,0.0,0.7,0.0,STI-driven
7,22190/8/107171,766,1100,750,0.0,0.0,0.0,0.7,0.0,STI-driven
7,22190/9/111776,270,360,560,0.0,0.0,0.0,0.7,0.0,STI-driven
7,22200/6/191564,11,23,51,0.0,0.0,0.0,0.7,0.0,Jointly-driven
7,22200/6/191911,518,370,1685,0.0,0.0,0.0,0.7,0.0,Jointly-driven
7,22200/13/82153,1339,1395,2052,0.0,0.0,0.0,0.5,0.1,Jointly-driven
7,22200/13/172122,837,547,1862,0.0,0.0,0.0,0.5,0.1,Jointly-driven
7,22209/7/78418,8,17,29,0.31546487678572877,0.0,0.0,0.5,0.3,Jointly-driven
7,22209/7/169419,15,35,26,0.0,0.0,0.0,0.5,0.3,Jointly-driven
7,22209/10/205163,55,147,47,0.0,0.0,0.0,0.7,0.5,STI-driven
7,22211/4/93115,2004,1345,2587,0.0,0.0,0.0,0.4,0.7,Jointly-driven
7,22211/7/105428,3178,1978,5252,0.0,0.0,0.0,0.7,0.3,Jointly-driven
7,22211/13/83814,802,1018,822,0.0,0.0,0.0,0.5,0.3,Jointly-driven
7,22212/5/196668,461,463,1053,0.0,0.0,0.0,0.5,0.2,Jointly-driven
7,22212/5/181546,1167,1599,803,0.0,0.0,0.0,0.5,0.2,Jointly-driven
7,22212/7/122126,986,1790,285,0.0,0.0,0.0,0.4,0.2,Jointly-driven
7,22212/7/129992,958,2600,69,0.0,0.0,0.0,0.4,0.2,Jointly-driven
7,22213/8/191911,56,43,2554,0.0,0.0,0.0,1.0,0.0,STI-driven
7,22213/14/90768,1950,865,5219,0.0,0.0,0.0,0.5,0.1,Jointly-driven
7,22213/22/119227,6827,6911,4714,0.0,0.0,0.0,0.2,0.3,Jointly-driven
7,22243/3/112719,35,5,1093,0.0,0.38685280723454163,0.0,0.5,0.4,Jointly-driven
7,22243/6/111488,147,27,2066,0.0,0.0,0.0,0.4,0.5,Jointly-driven
7,22243/6/158571,210,146,815,0.0,0.0,0.0,0.4,0.5,Jointly-driven
7,22267/2/184605,40,16,2117,0.0,0.0,0.0,0.6,0.0,STI-driven
7,22267/4/192815,106,215,131,0.0,0.0,0.0,0.6,0.1,STI-driven
7,22267/6/120948,47,17,842,0.0,0.0,0.0,0.5,0.1,Jointly-driven
7,22267/6/116125,862,189,5570,0.0,0.0,0.0,0.5,0.1,Jointly-driven
7,22295/5/77161,52,21,1449,0.0,0.0,0.0,0.5,0.0,STI-driven
7,22295/5/130591,20,13,1073,0.0,0.0,0.0,0.5,0.0,STI-driven
7,22298/4/193168,8,18,277,0.31546487678572877,0.0,0.0,0.5,0.0,STI-driven
7,22298/7/145723,713,1355,141,0.0,0.0,0.0,0.5,0.0,STI-driven
7,22298/9/205163,168,407,88,0.0,0.0,0.0,0.5,0.0,STI-driven
7,22298/12/204870,351,224,2434,0.0,0.0,0.0,0.5,0.0,Jointly-driven
7,22299/7/109453,2688,6195,561,0.0,0.0,0.0,0.4,0.3,Jointly-driven
7,22326/4/80865,3344,2540,5066,0.0,0.0,0.0,0.5,0.3,Jointly-driven
7,22326/7/205756,6069,5938,5469,0.0,0.0,0.0,0.4,0.3,Jointly-driven
7,22326/10/204409,298,174,549,0.0,0.0,0.0,0.4,0.4,Jointly-driven
7,22326/12/196336,42,3,1329,0.0,0.5,0.0,0.5,0.3,Jointly-driven
7,22326/13/91332,38,75,95,0.0,0.0,0.0,0.5,0.3,Jointly-driven
7,22326/13/152521,361,685,323,0.0,0.0,0.0,0.5,0.3,Jointly-driven
7,22327/3/83552,5,5,8,0.38685280723454163,0.38685280723454163,0.31546487678572877,1.0,0.3,STI-driven
7,22327/5/78480,1745,1745,138,0.0,0.0,0.0,1.0,0.0,STI-driven
7,22327/6/188808,360,360,122,0.0,0.0,0.0,1.0,0.0,STI-driven
7,22327/11/161723,976,976,5,0.0,0.0,0.38685280723454163,1.0,0.0,STI-driven
7,22332/4/114932,236,192,446,0.0,0.0,0.0,0.8,0.3,STI-driven
7,22332/8/114759,650,923,506,0.0,0.0,0.0,0.5,0.3,Jointly-driven
7,22332/12/134105,2374,3724,1027,0.0,0.0,0.0,0.3,0.4,Jointly-driven
7,22348/6/140998,27,37,205,0.0,0.0,0.0,0.3,0.0,Jointly-driven
7,22348/9/177112,231,201,914,0.0,0.0,0.0,0.3,0.1,Jointly-driven
7,22348/14/191932,56,40,395,0.0,0.0,0.0,0.4,0.1,Jointly-driven
7,22370/9/107350,1628,1621,1528,0.0,0.0,0.0,0.5,0.1,Jointly-driven
7,22370/11/184418,9,40,28,0.3010299956639812,0.0,0.0,0.7,0.0,STI-driven
7,22370/15/183184,239,196,1479,0.0,0.0,0.0,0.7,0.0,STI-driven
7,22371/4/136586,702,741,1358,0.0,0.0,0.0,0.5,0.4,Jointly-driven
7,22371/7/98683,2267,4541,951,0.0,0.0,0.0,0.5,0.4,Jointly-driven
7,22371/11/93521,234,789,102,0.0,0.0,0.0,0.5,0.4,Jointly-driven
7,22372/7/144116,2845,2049,5310,0.0,0.0,0.0,0.6,0.3,Jointly-driven
7,22372/13/106233,354,443,542,0.0,0.0,0.0,0.6,0.2,Jointly-driven
7,22372/17/146870,6171,5828,6307,0.0,0.0,0.0,0.6,0.3,Jointly-driven
7,22415/10/169419,7,6,116,0.3333333333333333,0.3562071871080222,0.0,0.7,0.2,STI-driven
7,22415/10/136632,78,73,468,0.0,0.0,0.0,0.7,0.2,STI-driven
7,22418/12/139205,119,99,933,0.0,0.0,0.0,0.5,0.1,STI-driven
7,22418/18/118338,255,365,664,0.0,0.0,0.0,0.5,0.1,STI-driven
7,22459/10/146870,4113,2217,6540,0.0,0.0,0.0,0.2,0.5,Jointly-driven
7,22459/10/88393,3011,4704,1640,0.0,0.0,0.0,0.2,0.5,Jointly-driven
7,22459/15/187028,138,703,6,0.0,0.0,0.3562071871080222,0.3,0.5,Jointly-driven
7,22459/19/84831,4377,3916,4334,0.0,0.0,0.0,0.4,0.5,Jointly-driven
7,22466/4/122604,4,4,74,0.43067655807339306,0.43067655807339306,0.0,1.0,0.2,STI-driven
7,22466/8/205724,815,815,1621,0.0,0.0,0.0,1.0,0.0,STI-driven
7,22466/8/159885,75,75,1489,0.0,0.0,0.0,1.0,0.0,STI-driven
7,22466/11/177108,4217,4217,284,0.0,0.0,0.0,1.0,0.0,STI-driven
7,22466/15/109211,1214,1214,365,0.0,0.0,0.0,1.0,0.1,STI-driven
7,22466/18/204974,1,1,90,1.0,1.0,0.0,1.0,0.2,STI-driven
7,22479/5/123995,376,872,151,0.0,0.0,0.0,0.6,0.0,STI-driven
7,22479/9/194202,47,58,623,0.0,0.0,0.0,0.7,0.0,STI-driven
7,22479/22/154844,25,48,43,0.0,0.0,0.0,0.7,0.1,STI-driven
7,22482/8/204974,2,2,6,0.6309297535714575,0.6309297535714575,0.3562071871080222,0.5,0.6,Jointly-driven
7,22482/8/205435,13,347,1,0.0,0.0,1.0,0.5,0.6,Jointly-driven
7,22482/8/204331,75,152,78,0.0,0.0,0.0,0.5,0.6,Jointly-driven
7,22482/11/205724,1741,1446,1887,0.0,0.0,0.0,0.7,0.6,Jointly-driven
7,22482/11/159885,264,77,1407,0.0,0.0,0.0,0.7,0.6,Jointly-driven
7,22482/16/111776,872,1593,221,0.0,0.0,0.0,0.7,0.1,STI-driven
7,22482/16/84273,306,342,513,0.0,0.0,0.0,0.7,0.1,STI-driven
7,22482/16/160690,234,286,449,0.0,0.0,0.0,0.7,0.1,STI-driven
7,22512/7/77707,82,90,207,0.0,0.0,0.0,0.9,0.2,STI-driven
7,22512/9/133249,1,6,3,1.0,0.3562071871080222,0.5,0.9,0.2,STI-driven
7,22531/1/205375,2027,2522,1259,0.0,0.0,0.0,0.5,0.2,Jointly-driven
7,22531/4/162658,1840,1356,2220,0.0,0.0,0.0,0.8,0.1,STI-driven
7,22531/5/200871,1239,1426,1371,0.0,0.0,0.0,0.8,0.1,STI-driven
7,22532/2/204870,114,80,286,0.0,0.0,0.0,0.6,0.4,Jointly-driven
7,22532/8/90747,707,240,2276,0.0,0.0,0.0,0.4,0.3,Jointly-driven
7,22532/13/123015,15,24,166,0.0,0.0,0.0,0.6,0.2,STI-driven
7,22536/6/150941,210,37,3610,0.0,0.0,0.0,0.5,0.2,Jointly-driven
7,22536/9/197345,778,417,2748,0.0,0.0,0.0,0.7,0.3,STI-driven
7,22536/11/152744,135,44,1160,0.0,0.0,0.0,0.5,0.3,Jointly-driven
7,22548/8/150451,293,906,372,0.0,0.0,0.0,0.5,0.1,Jointly-driven
7,22548/8/181301,178,597,412,0.0,0.0,0.0,0.5,0.1,Jointly-driven
7,22548/10/157394,427,2785,42,0.0,0.0,0.0,0.5,0.1,Jointly-driven
7,22548/10/90253,610,2668,315,0.0,0.0,0.0,0.5,0.1,Jointly-driven
7,22551/4/168388,4416,2669,6578,0.0,0.0,0.0,0.6,0.1,STI-driven
7,22551/6/166010,3632,2726,5043,0.0,0.0,0.0,0.6,0.1,STI-driven
7,22551/8/204974,1,2,4,1.0,0.6309297535714575,0.43067655807339306,0.6,0.1,STI-driven
7,22551/9/205163,75,187,74,0.0,0.0,0.0,0.6,0.1,STI-driven
7,22556/9/203619,282,128,1546,0.0,0.0,0.0,0.7,0.2,Jointly-driven
7,22556/13/163708,480,490,897,0.0,0.0,0.0,0.6,0.2,STI-driven
7,22556/15/108278,14,15,284,0.0,0.0,0.0,0.7,0.0,STI-driven
7,22563/1/141788,21,21,2073,0.0,0.0,0.0,1.0,0.1,STI-driven
7,22563/2/170277,9,9,162,0.3010299956639812,0.3010299956639812,0.0,1.0,0.1,STI-driven
7,22563/4/141928,419,419,436,0.0,0.0,0.0,1.0,0.1,STI-driven
7,22563/7/183056,67,67,708,0.0,0.0,0.0,1.0,0.2,STI-driven
7,22563/8/135571,6,6,158,0.3562071871080222,0.3562071871080222,0.0,1.0,0.2,STI-driven
7,22563/11/138962,34,34,64,0.0,0.0,0.0,1.0,0.0,STI-driven
7,22576/4/99276,116,116,266,0.0,0.0,0.0,1.0,0.0,STI-driven
7,22576/5/83552,80,80,8,0.0,0.0,0.31546487678572877,1.0,0.0,STI-driven
7,22576/7/184098,9,9,36,0.3010299956639812,0.3010299956639812,0.0,1.0,0.1,STI-driven
7,22576/9/111429,113,113,848,0.0,0.0,0.0,1.0,0.2,STI-driven
7,22589/3/150941,1193,1193,486,0.0,0.0,0.0,1.0,0.0,STI-driven
7,22589/5/97153,6204,6204,4864,0.0,0.0,0.0,1.0,0.0,STI-driven
7,22589/12/92441,5716,5716,4675,0.0,0.0,0.0,1.0,0.0,STI-driven
7,22589/14/171914,105,105,411,0.0,0.0,0.0,1.0,0.0,STI-driven
7,22589/19/188293,6377,6377,2875,0.0,0.0,0.0,1.0,0.0,STI-driven
7,22596/1/141210,19,166,29,0.0,0.0,0.0,0.0,0.3,Jointly-driven
7,22596/5/93839,3467,416,6776,0.0,0.0,0.0,0.4,0.1,Jointly-driven
7,22596/9/122138,1109,1283,1649,0.0,0.0,0.0,0.6,0.1,STI-driven
7,22630/6/159885,169,129,571,0.0,0.0,0.0,0.4,0.5,Jointly-driven
7,22630/11/76706,911,1052,1094,0.0,0.0,0.0,0.4,0.5,Jointly-driven
7,22630/16/205182,1416,2295,1445,0.0,0.0,0.0,0.4,0.5,Jointly-driven
7,22630/17/159194,1651,4438,870,0.0,0.0,0.0,0.4,0.5,Jointly-driven
7,22691/5/96707,20,23,194,0.0,0.0,0.0,0.7,0.2,STI-driven
7,22691/9/161498,33,33,196,0.0,0.0,0.0,0.8,0.1,STI-driven
7,22706/4/142895,3469,3282,3810,0.0,0.0,0.0,0.7,0.2,STI-driven
7,22706/7/119662,960,657,1912,0.0,0.0,0.0,0.7,0.1,STI-driven
7,22706/10/107826,460,410,564,0.0,0.0,0.0,0.5,0.2,Jointly-driven
7,22707/4/79698,2081,1821,2330,0.0,0.0,0.0,0.5,0.3,Jointly-driven
7,22707/9/142895,2779,2383,3947,0.0,0.0,0.0,0.5,0.4,Jointly-driven
7,22707/15/119662,1052,617,2309,0.0,0.0,0.0,0.7,0.4,STI-driven
7,22707/15/189705,26,40,67,0.0,0.0,0.0,0.7,0.4,STI-driven
7,22721/3/98740,488,311,6852,0.0,0.0,0.0,1.0,0.0,STI-driven
7,22721/4/77376,9,9,1404,0.3010299956639812,0.3010299956639812,0.0,1.0,0.0,STI-driven
7,22730/1/199385,1297,1297,222,0.0,0.0,0.0,1.0,0.1,STI-driven
7,22730/3/120092,19,19,2,0.0,0.0,0.6309297535714575,1.0,0.1,STI-driven
7,22730/6/109453,803,803,2562,0.0,0.0,0.0,1.0,0.1,STI-driven
7,22730/9/206080,3036,3036,5093,0.0,0.0,0.0,1.0,0.1,STI-driven
7,22730/12/155661,2885,2885,1732,0.0,0.0,0.0,1.0,0.1,STI-driven
7,22730/14/89668,81,81,110,0.0,0.0,0.0,1.0,0.1,STI-driven
7,22760/4/191297,3351,1881,4707,0.0,0.0,0.0,0.3,0.4,Jointly-driven
7,22760/4/202190,164,152,329,0.0,0.0,0.0,0.3,0.4,Jointly-driven
7,22760/4/107826,2333,2109,2156,0.0,0.0,0.0,0.3,0.4,Jointly-driven
7,22760/7/134064,263,414,591,0.0,0.0,0.0,0.3,0.1,Jointly-driven
7,22760/9/174755,991,313,3629,0.0,0.0,0.0,0.3,0.2,Jointly-driven
7,22760/11/142895,5508,4581,5927,0.0,0.0,0.0,0.2,0.5,Jointly-driven
7,22799/6/77161,12,10,489,0.0,0.2890648263178879,0.0,0.8,0.0,STI-driven
7,22799/10/127019,118,144,554,0.0,0.0,0.0,0.5,0.0,Jointly-driven
7,22801/5/157878,1720,974,6603,0.0,0.0,0.0,0.5,0.0,Jointly-driven
7,22801/9/113701,386,673,597,0.0,0.0,0.0,0.6,0.1,Jointly-driven
7,22817/7/153346,58,58,197,0.0,0.0,0.0,1.0,0.1,STI-driven
7,22817/8/160661,38,38,324,0.0,0.0,0.0,1.0,0.1,STI-driven
7,22817/13/169012,291,291,583,0.0,0.0,0.0,1.0,0.1,STI-driven
7,22841/2/88141,1,1,76,1.0,1.0,0.0,1.0,0.0,STI-driven
7,22841/4/82497,3103,3097,3429,0.0,0.0,0.0,0.7,0.0,STI-driven
7,22841/6/111540,1,1,250,1.0,1.0,0.0,0.9,0.0,STI-driven
7,22841/10/114932,16,20,230,0.0,0.0,0.0,0.9,0.0,STI-driven
7,22865/2/204651,50,170,26,0.0,0.0,0.0,0.6,0.4,Jointly-driven
7,22865/5/179035,5280,4236,6212,0.0,0.0,0.0,0.4,0.4,Jointly-driven
7,22865/8/146224,332,228,2284,0.0,0.0,0.0,0.3,0.3,Jointly-driven
7,22865/8/166603,2541,1865,5096,0.0,0.0,0.0,0.3,0.3,Jointly-driven
7,22865/9/187205,55,8,1176,0.0,0.31546487678572877,0.0,0.3,0.3,Jointly-driven
7,22865/12/80240,2351,1157,5493,0.0,0.0,0.0,0.2,0.3,Jointly-driven
7,22868/3/157924,546,1044,338,0.0,0.0,0.0,0.5,0.3,Jointly-driven
7,22868/4/148904,166,23,944,0.0,0.0,0.0,0.5,0.3,Jointly-driven
7,22868/8/141578,777,1623,103,0.0,0.0,0.0,0.7,0.2,Jointly-driven
7,22868/22/122326,1723,1591,1926,0.0,0.0,0.0,0.4,0.2,Jointly-driven
7,22870/9/169487,907,1668,209,0.0,0.0,0.0,0.6,0.1,Jointly-driven
7,22870/14/198707,1084,1055,1418,0.0,0.0,0.0,0.7,0.2,STI-driven
7,22870/19/168664,633,267,2474,0.0,0.0,0.0,0.7,0.2,STI-driven
7,22906/5/99660,30,21,282,0.0,0.0,0.0,0.5,0.2,Jointly-driven
7,22906/8/117126,320,401,520,0.0,0.0,0.0,0.4,0.2,Jointly-driven
7,22917/1/123210,2987,4065,1795,0.0,0.0,0.0,0.6,0.5,Jointly-driven
7,22917/3/82894,196,34,1012,0.0,0.0,0.0,0.6,0.5,Jointly-driven
7,22917/14/96140,4125,2774,5556,0.0,0.0,0.0,0.2,0.5,Jointly-driven
7,22917/16/94056,154,61,684,0.0,0.0,0.0,0.3,0.5,Jointly-driven
7,22924/4/203424,21,50,98,0.0,0.0,0.0,0.4,0.1,Jointly-driven
7,22924/6/114231,2597,1940,3712,0.0,0.0,0.0,0.5,0.1,STI-driven
7,22929/3/199385,139,21,1608,0.0,0.0,0.0,0.5,0.3,Jointly-driven
7,22929/5/107554,37,20,404,0.0,0.0,0.0,0.5,0.3,Jointly-driven
7,22929/8/102329,6,12,317,0.3562071871080222,0.0,0.0,0.6,0.0,STI-driven
7,22932/4/105403,5851,5381,5443,0.0,0.0,0.0,0.4,0.0,Jointly-driven
7,22932/6/87867,232,40,2709,0.0,0.0,0.0,0.3,0.2,Jointly-driven
7,22939/2/82497,2754,3942,1587,0.0,0.0,0.0,0.6,0.1,STI-driven
7,22939/5/103400,1006,273,5254,0.0,0.0,0.0,0.4,0.2,Jointly-driven
7,22939/5/199385,37,58,258,0.0,0.0,0.0,0.4,0.2,Jointly-driven
7,22939/7/129676,492,233,2022,0.0,0.0,0.0,0.3,0.3,Jointly-driven
7,22939/10/149737,543,1134,604,0.0,0.0,0.0,0.4,0.2,Jointly-driven
7,22955/4/166583,123,75,1043,0.0,0.0,0.0,0.6,0.2,STI-driven
7,22955/4/183582,973,894,1613,0.0,0.0,0.0,0.6,0.2,STI-driven
7,22955/6/119144,3,8,4,0.5,0.31546487678572877,0.43067655807339306,0.6,0.2,STI-driven
7,22955/6/204974,2,2,15,0.6309297535714575,0.6309297535714575,0.0,0.6,0.2,STI-driven
7,22956/4/115908,2,3,115,0.6309297535714575,0.5,0.0,0.7,0.0,Jointly-driven
7,22956/5/177112,159,106,1458,0.0,0.0,0.0,0.7,0.0,Jointly-driven
7,22956/9/98028,797,1154,741,0.0,0.0,0.0,0.6,0.1,Jointly-driven
7,22958/3/202190,3,3,19,0.5,0.5,0.0,0.6,0.0,Jointly-driven
7,22958/5/194147,40,70,272,0.0,0.0,0.0,0.6,0.0,STI-driven
7,22958/7/201969,304,264,1254,0.0,0.0,0.0,0.4,0.0,Jointly-driven
7,22964/6/95083,6743,6394,6791,0.0,0.0,0.0,0.5,0.6,Jointly-driven
7,22964/10/184595,6119,5619,5935,0.0,0.0,0.0,0.7,0.6,Jointly-driven
7,22964/11/178413,2526,3421,1815,0.0,0.0,0.0,0.7,0.6,Jointly-driven
7,22964/15/185529,5931,6390,4562,0.0,0.0,0.0,0.5,0.6,Jointly-driven
7,22964/18/91095,4675,6296,2444,0.0,0.0,0.0,0.7,0.5,Jointly-driven
7,22966/3/204794,318,227,422,0.0,0.0,0.0,0.5,0.7,Jointly-driven
7,22966/6/187028,768,1804,108,0.0,0.0,0.0,0.6,0.2,Jointly-driven
7,22966/14/199385,1420,3055,262,0.0,0.0,0.0,0.5,0.6,Jointly-driven
7,22966/16/194147,641,230,2181,0.0,0.0,0.0,0.4,0.2,Jointly-driven
7,22972/6/88141,21,47,33,0.0,0.0,0.0,0.7,0.1,STI-driven
7,22972/8/111540,267,753,30,0.0,0.0,0.0,0.6,0.1,Jointly-driven
7,22972/24/151700,1780,3614,1022,0.0,0.0,0.0,0.4,0.4,Jointly-driven
7,22994/6/159885,1147,376,3615,0.0,0.0,0.0,0.2,0.4,Jointly-driven
7,22994/6/154844,853,330,1767,0.0,0.0,0.0,0.2,0.4,Jointly-driven
7,22994/7/133249,266,159,622,0.0,0.0,0.0,0.2,0.4,Jointly-driven
7,22994/10/163696,4739,3163,6457,0.0,0.0,0.0,0.3,0.3,Jointly-driven
7,22994/12/198355,1751,3115,988,0.0,0.0,0.0,0.6,0.1,STI-driven
7,22999/5/76042,404,497,494,0.0,0.0,0.0,0.6,0.3,Jointly-driven
7,22999/6/196132,1808,1701,1849,0.0,0.0,0.0,0.6,0.3,Jointly-driven
7,22999/10/115908,574,620,562,0.0,0.0,0.0,0.6,0.4,Jointly-driven
7,22999/13/198004,1953,2059,1383,0.0,0.0,0.0,0.6,0.2,STI-driven
7,23018/10/204870,326,375,500,0.0,0.0,0.0,0.6,0.4,Jointly-driven
7,23018/13/205375,3504,3887,2829,0.0,0.0,0.0,0.6,0.2,Jointly-driven
7,23018/15/198411,4792,4903,4155,0.0,0.0,0.0,0.6,0.3,Jointly-driven
7,23018/19/76042,112,102,503,0.0,0.0,0.0,0.3,0.3,Jointly-driven
7,23021/5/119630,5761,5410,5274,0.0,0.0,0.0,0.2,0.3,Jointly-driven
7,23021/6/206044,6024,6741,4079,0.0,0.0,0.0,0.2,0.3,Jointly-driven
7,23021/10/134106,16,127,21,0.0,0.0,0.0,0.4,0.6,Jointly-driven
7,23021/14/118651,2877,3056,3382,0.0,0.0,0.0,0.6,0.5,Jointly-driven
7,23024/3/132728,20,8,1001,0.0,0.31546487678572877,0.0,0.5,0.0,Jointly-driven
7,23024/3/142573,6,7,165,0.3562071871080222,0.3333333333333333,0.0,0.5,0.0,Jointly-driven
7,23024/5/143623,48,65,286,0.0,0.0,0.0,0.6,0.0,STI-driven
7,23024/5/135090,133,29,1958,0.0,0.0,0.0,0.6,0.0,STI-driven
7,23056/3/86414,1696,1816,1573,0.0,0.0,0.0,0.5,0.8,LTP-driven
7,23056/3/134064,1643,1945,1480,0.0,0.0,0.0,0.5,0.8,LTP-driven
7,23056/6/79698,1882,4217,304,0.0,0.0,0.0,0.5,0.1,Jointly-driven
7,23056/6/180620,6738,6478,6547,0.0,0.0,0.0,0.5,0.1,Jointly-driven
7,23056/10/123210,878,791,1427,0.0,0.0,0.0,0.6,0.2,STI-driven
7,23101/3/89306,313,125,968,0.0,0.0,0.0,0.5,0.5,Jointly-driven
7,23101/6/166603,2463,2708,3248,0.0,0.0,0.0,0.7,0.3,STI-driven
7,23101/10/156094,4,4,30,0.43067655807339306,0.43067655807339306,0.0,0.8,0.1,STI-driven
7,23101/10/146496,1069,697,2697,0.0,0.0,0.0,0.8,0.1,STI-driven
7,23108/3/191672,2588,2832,2736,0.0,0.0,0.0,0.2,0.3,Jointly-driven
7,23108/4/158433,5589,4604,5708,0.0,0.0,0.0,0.2,0.3,Jointly-driven
7,23108/9/204334,5549,3824,5980,0.0,0.0,0.0,0.7,0.0,STI-driven
7,23108/9/120948,141,62,2311,0.0,0.0,0.0,0.7,0.0,STI-driven
7,23109/9/119087,379,402,852,0.0,0.0,0.0,0.7,0.1,STI-driven
7,23109/13/162882,669,2035,13,0.0,0.0,0.0,0.6,0.0,STI-driven
7,23109/13/118663,125,64,1622,0.0,0.0,0.0,0.6,0.0,STI-driven
7,23109/19/157991,213,183,534,0.0,0.0,0.0,0.6,0.5,Jointly-driven
7,23114/6/78418,12,22,28,0.0,0.0,0.0,0.4,0.2,Jointly-driven
7,23114/6/133236,25,20,360,0.0,0.0,0.0,0.4,0.2,Jointly-driven
7,23114/10/204974,4,10,11,0.43067655807339306,0.2890648263178879,0.0,0.6,0.2,STI-driven
7,23114/14/132481,971,1186,913,0.0,0.0,0.0,0.6,0.2,Jointly-driven
7,23116/7/166357,604,297,1532,0.0,0.0,0.0,0.4,0.6,Jointly-driven
7,23116/7/201070,5986,5650,5865,0.0,0.0,0.0,0.4,0.6,Jointly-driven
7,23116/7/132481,855,936,820,0.0,0.0,0.0,0.4,0.6,Jointly-driven
7,23116/9/93521,263,330,284,0.0,0.0,0.0,0.2,0.6,Jointly-driven
7,23150/2/206087,4485,4140,4909,0.0,0.0,0.0,0.4,0.2,Jointly-driven
7,23150/4/100924,4601,3737,5221,0.0,0.0,0.0,0.5,0.2,Jointly-driven
7,23150/5/85612,1114,1002,1334,0.0,0.0,0.0,0.5,0.2,Jointly-driven
7,23150/7/187879,138,48,1211,0.0,0.0,0.0,0.4,0.2,Jointly-driven
7,23150/8/135508,15,67,27,0.0,0.0,0.0,0.4,0.2,Jointly-driven
7,23161/2/206029,3608,2719,4657,0.0,0.0,0.0,0.4,0.1,Jointly-driven
7,23161/3/110605,273,340,607,0.0,0.0,0.0,0.4,0.1,Jointly-driven
7,23161/4/205430,285,183,1302,0.0,0.0,0.0,0.4,0.1,Jointly-driven
7,23164/3/131411,817,1465,558,0.0,0.0,0.0,0.3,0.2,Jointly-driven
7,23164/3/88463,2063,2517,1640,0.0,0.0,0.0,0.3,0.2,Jointly-driven
7,23164/11/130591,123,57,1101,0.0,0.0,0.0,0.3,0.0,Jointly-driven
7,23164/11/86414,749,952,925,0.0,0.0,0.0,0.3,0.0,Jointly-driven
7,23182/4/120003,622,868,551,0.0,0.0,0.0,0.6,0.4,Jointly-driven
7,23182/5/117907,1440,873,2546,0.0,0.0,0.0,0.6,0.4,Jointly-driven
7,23182/10/132457,267,776,107,0.0,0.0,0.0,0.4,0.6,Jointly-driven
7,23182/15/101264,169,655,123,0.0,0.0,0.0,0.5,0.2,Jointly-driven
7,23183/4/120003,212,212,134,0.0,0.0,0.0,1.0,0.2,STI-driven
7,23183/5/117907,874,874,1984,0.0,0.0,0.0,1.0,0.2,STI-driven
7,23183/9/101264,7,7,115,0.3333333333333333,0.3333333333333333,0.0,1.0,0.2,STI-driven
7,23183/11/134106,124,124,474,0.0,0.0,0.0,1.0,0.1,STI-driven
7,23186/5/99583,760,390,1239,0.0,0.0,0.0,0.4,0.3,Jointly-driven
7,23186/9/152202,1676,2224,785,0.0,0.0,0.0,0.7,0.3,STI-driven
7,23186/12/119146,3799,5434,2355,0.0,0.0,0.0,0.6,0.3,Jointly-driven
7,23190/4/117840,1314,456,3608,0.0,0.0,0.0,0.7,0.0,STI-driven
7,23190/4/194147,687,435,1522,0.0,0.0,0.0,0.7,0.0,STI-driven
7,23190/6/125431,51,15,644,0.0,0.0,0.0,0.7,0.0,STI-driven
7,23190/9/83586,422,281,1166,0.0,0.0,0.0,0.5,0.3,Jointly-driven
7,23190/13/112792,5491,3589,6769,0.0,0.0,0.0,0.4,0.3,Jointly-driven
7,23190/14/187028,24,28,54,0.0,0.0,0.0,0.4,0.3,Jointly-driven
7,23192/2/120003,230,144,374,0.0,0.0,0.0,0.7,0.5,Jointly-driven
7,23192/8/117907,1246,784,1897,0.0,0.0,0.0,0.5,0.4,Jointly-driven
7,23192/11/135799,5288,4213,6247,0.0,0.0,0.0,0.6,0.5,Jointly-driven
7,23195/2/183169,152,766,106,0.0,0.0,0.0,0.4,0.1,Jointly-driven
7,23195/6/117840,51,22,1330,0.0,0.0,0.0,0.4,0.0,Jointly-driven
7,23195/9/144347,60,490,34,0.0,0.0,0.0,0.3,0.0,Jointly-driven
7,23197/2/117907,3019,2141,4084,0.0,0.0,0.0,0.6,0.1,Jointly-driven
7,23197/5/120003,926,1516,706,0.0,0.0,0.0,0.4,0.0,Jointly-driven
7,23197/9/132457,593,2388,120,0.0,0.0,0.0,0.4,0.0,Jointly-driven
7,23197/12/205129,1090,1291,1095,0.0,0.0,0.0,0.3,0.4,Jointly-driven
7,23197/12/115250,807,733,1149,0.0,0.0,0.0,0.3,0.4,Jointly-driven
7,23199/4/120003,1031,1758,715,0.0,0.0,0.0,0.3,0.2,Jointly-driven
7,23199/5/128905,779,1735,483,0.0,0.0,0.0,0.3,0.2,Jointly-driven
7,23199/7/117907,2857,2137,3616,0.0,0.0,0.0,0.3,0.2,Jointly-driven
7,23199/13/115250,1140,1329,1005,0.0,0.0,0.0,0.5,0.5,Jointly-driven
7,23201/5/180728,2533,2462,2666,0.0,0.0,0.0,0.3,0.1,Jointly-driven
7,23201/9/189592,495,150,2322,0.0,0.0,0.0,0.3,0.1,Jointly-driven
7,23201/10/84273,794,252,2797,0.0,0.0,0.0,0.3,0.1,Jointly-driven
7,23201/11/161546,435,1059,355,0.0,0.0,0.0,0.3,0.1,Jointly-driven
7,23201/12/141045,104,288,95,0.0,0.0,0.0,0.3,0.1,Jointly-driven
7,23216/6/122604,1,3,10,1.0,0.5,0.2890648263178879,0.8,0.3,STI-driven
7,23216/9/95199,93,69,193,0.0,0.0,0.0,0.7,0.3,STI-driven
7,23216/14/163215,364,173,928,0.0,0.0,0.0,0.8,0.2,STI-driven
7,23216/19/165710,27,20,120,0.0,0.0,0.0,0.7,0.2,STI-driven
7,23218/3/205163,19,55,48,0.0,0.0,0.0,0.3,0.5,Jointly-driven
7,23218/7/204870,849,121,4657,0.0,0.0,0.0,0.2,0.5,Jointly-driven
7,23218/10/171338,5515,6494,1295,0.0,0.0,0.0,0.5,0.1,Jointly-driven
7,23218/13/88597,3929,2879,6006,0.0,0.0,0.0,0.4,0.1,Jointly-driven
7,23260/5/122604,1,2,15,1.0,0.6309297535714575,0.0,0.9,0.1,STI-driven
7,23260/6/140749,7,11,18,0.3333333333333333,0.0,0.0,0.9,0.1,STI-driven
7,23260/8/182731,23,52,9,0.0,0.0,0.3010299956639812,0.8,0.2,STI-driven
7,23260/12/82894,11,9,78,0.0,0.3010299956639812,0.0,0.8,0.1,STI-driven
7,23262/2/187028,9,6,159,0.3010299956639812,0.3562071871080222,0.0,0.5,0.2,Jointly-driven
7,23262/3/204419,91,37,1072,0.0,0.0,0.0,0.5,0.2,Jointly-driven
7,23262/5/183184,640,721,787,0.0,0.0,0.0,0.4,0.2,Jointly-driven
7,23262/9/109435,3069,3656,3052,0.0,0.0,0.0,0.3,0.2,Jointly-driven
7,23268/3/78340,8,8,9,0.31546487678572877,0.31546487678572877,0.3010299956639812,1.0,0.1,STI-driven
7,23268/5/126421,3479,3479,2818,0.0,0.0,0.0,1.0,0.0,STI-driven
7,23268/7/115463,500,500,1285,0.0,0.0,0.0,1.0,0.1,STI-driven
7,23268/9/91025,3823,3823,4126,0.0,0.0,0.0,1.0,0.1,STI-driven
7,23273/3/76012,3,2,296,0.5,0.6309297535714575,0.0,0.8,0.1,STI-driven
7,23273/8/152329,23,19,1781,0.0,0.0,0.0,0.8,0.1,STI-driven
7,23273/11/187028,42,10,179,0.0,0.2890648263178879,0.0,0.5,0.6,Jointly-driven
7,23273/13/185171,891,1027,710,0.0,0.0,0.0,0.5,0.6,Jointly-driven
7,23277/2/192131,6186,5449,6575,0.0,0.0,0.0,0.3,0.7,Jointly-driven
7,23277/4/147598,365,158,1397,0.0,0.0,0.0,0.6,0.4,Jointly-driven
7,23277/7/121733,5325,4796,5670,0.0,0.0,0.0,0.4,0.5,Jointly-driven
7,23277/11/124268,1517,1578,1741,0.0,0.0,0.0,0.4,0.5,Jointly-driven
7,23281/2/162174,4307,4837,3558,0.0,0.0,0.0,0.5,0.4,Jointly-driven
7,23281/4/124142,2901,4553,1188,0.0,0.0,0.0,0.4,0.3,Jointly-driven
7,23298/6/184089,1064,769,1887,0.0,0.0,0.0,0.4,0.2,Jointly-driven
7,23298/8/181370,2380,4819,658,0.0,0.0,0.0,0.4,0.2,Jointly-driven
7,23298/11/171615,3605,4682,2007,0.0,0.0,0.0,0.4,0.2,Jointly-driven
7,23298/13/120003,227,313,413,0.0,0.0,0.0,0.4,0.2,Jointly-driven
7,23315/6/192020,471,496,939,0.0,0.0,0.0,0.3,0.5,Jointly-driven
7,23315/7/205850,1535,1736,1212,0.0,0.0,0.0,0.3,0.5,Jointly-driven
7,23315/10/95785,6093,5275,6327,0.0,0.0,0.0,0.4,0.5,Jointly-driven
7,23315/13/179153,6242,6204,5747,0.0,0.0,0.0,0.5,0.5,Jointly-driven
7,23322/6/205163,19,61,6,0.0,0.0,0.3562071871080222,0.6,0.6,Jointly-driven
7,23322/9/204870,88,280,42,0.0,0.0,0.0,0.6,0.6,Jointly-driven
7,23322/12/95785,5570,5065,5693,0.0,0.0,0.0,0.7,0.7,Jointly-driven
7,23322/17/90248,42,87,122,0.0,0.0,0.0,0.4,0.2,Jointly-driven
7,23322/21/177387,6319,6346,5621,0.0,0.0,0.0,0.6,0.2,STI-driven
7,syn/con1/21657/4/188165,956,465,3385,0.0,0.0,0.0,0.3,0.2,Jointly-driven
7,syn/ove3/22295/5/77161,39,68,130,0.0,0.0,0.0,0.6,0.1,Jointly-driven
7,syn/ove3/21614/3/188057,158,153,1502,0.0,0.0,0.0,1.0,0.0,STI-driven
7,syn/ove1/22299/7/109453,2,2,11,0.6309297535714575,0.6309297535714575,0.0,1.0,0.0,STI-driven
7,syn/ove1/23277/7/121733,15,15,211,0.0,0.0,0.0,0.8,0.2,Jointly-driven
7,syn/ove2/21921/10/131730,42,53,253,0.0,0.0,0.0,1.0,0.0,STI-driven
7,syn/ove1/21868/11/150451,2,2,581,0.6309297535714575,0.6309297535714575,0.0,1.0,0.0,STI-driven
7,syn/con2/20712/7/84854,2,5,69,0.6309297535714575,0.38685280723454163,0.0,0.2,0.3,Jointly-driven
7,syn/con3/21661/10/147826,1,1,508,1.0,1.0,0.0,1.0,0.0,STI-driven
7,syn/con2/23182/15/101264,419,1598,126,0.0,0.0,0.0,0.5,0.2,Jointly-driven
7,syn/con1/22185/5/195424,13,16,104,0.0,0.0,0.0,0.9,0.2,Jointly-driven
7,syn/con1/23298/8/181370,1951,3813,662,0.0,0.0,0.0,0.3,0.3,Jointly-driven
7,syn/ove1/20621/7/124848,53,50,1063,0.0,0.0,0.0,0.9,0.0,STI-driven
7,syn/con3/20825/9/194044,298,635,172,0.0,0.0,0.0,0.4,0.5,Jointly-driven
7,syn/con3/22073/8/176702,3452,3287,2951,0.0,0.0,0.0,0.6,0.3,STI-driven
7,syn/con1/21585/4/140771,46,49,797,0.0,0.0,0.0,0.9,0.0,STI-driven
7,syn/ove2/22707/15/189705,20,23,528,0.0,0.0,0.0,1.0,0.0,STI-driven
7,syn/ove3/21022/5/193368,34,44,657,0.0,0.0,0.0,0.9,0.0,Jointly-driven
7,syn/ove3/20862/11/148947,70,77,379,0.0,0.0,0.0,0.8,0.0,STI-driven
7,syn/con2/20301/5/85637,12,12,772,0.0,0.0,0.0,0.7,0.2,STI-driven
7,syn/con3/22169/6/195012,13,22,127,0.0,0.0,0.0,0.9,0.0,Jointly-driven
7,syn/con2/21414/7/170059,194,104,719,0.0,0.0,0.0,0.6,0.3,Jointly-driven
7,syn/con3/21942/8/136000,23,22,220,0.0,0.0,0.0,0.6,0.2,Jointly-driven
7,syn/ove1/23192/8/117907,40,71,109,0.0,0.0,0.0,0.8,0.1,Jointly-driven
7,syn/ove3/22966/3/204794,4,5,122,0.43067655807339306,0.38685280723454163,0.0,1.0,0.0,STI-driven
7,syn/con3/20855/17/78943,2418,3338,953,0.0,0.0,0.0,0.8,0.1,STI-driven
7,syn/con3/21689/8/150887,14,16,1194,0.0,0.0,0.0,1.0,0.0,STI-driven
7,syn/con3/22332/8/114759,203,267,356,0.0,0.0,0.0,0.9,0.0,STI-driven
7,syn/ove3/21807/4/144550,11,9,312,0.0,0.3010299956639812,0.0,0.8,0.0,STI-driven
7,syn/con1/21024/9/112284,975,594,1658,0.0,0.0,0.0,0.5,0.5,Jointly-driven
7,syn/con3/20413/4/101775,440,399,2741,0.0,0.0,0.0,0.9,0.0,STI-driven
7,syn/con1/21866/6/141928,519,762,271,0.0,0.0,0.0,0.8,0.0,Jointly-driven
7,syn/con3/21622/6/204974,1,3,4,1.0,0.5,0.43067655807339306,0.5,0.5,Jointly-driven
7,syn/con3/22479/5/123995,299,560,154,0.0,0.0,0.0,0.7,0.1,STI-driven
7,syn/con3/22548/8/150451,55,67,1138,0.0,0.0,0.0,1.0,0.0,STI-driven
7,syn/con3/20905/16/175165,590,1312,262,0.0,0.0,0.0,0.5,0.3,Jointly-driven
7,syn/con1/22531/4/162658,31,33,1053,0.0,0.0,0.0,0.9,0.0,STI-driven
7,syn/con3/20778/13/150421,9,13,29,0.3010299956639812,0.0,0.0,0.8,0.1,Jointly-driven
7,syn/con2/22630/17/159194,1650,3762,860,0.0,0.0,0.0,0.8,0.0,STI-driven
7,syn/con2/23108/9/120948,526,779,299,0.0,0.0,0.0,0.7,0.2,Jointly-driven
7,syn/con3/22211/4/93115,14,15,221,0.0,0.0,0.0,0.9,0.1,STI-driven
7,syn/con2/21863/7/192815,223,416,74,0.0,0.0,0.0,0.7,0.1,STI-driven
7,syn/ove2/23322/6/205163,79,63,2743,0.0,0.0,0.0,0.8,0.0,Jointly-driven
7,syn/con2/22917/3/82894,375,219,1024,0.0,0.0,0.0,0.7,0.3,STI-driven
7,syn/con3/20735/12/150451,30,46,113,0.0,0.0,0.0,0.5,0.3,Jointly-driven
7,syn/ove2/22721/4/77376,7,6,2005,0.3333333333333333,0.3562071871080222,0.0,1.0,0.0,STI-driven
7,syn/con3/20847/4/83552,73,117,74,0.0,0.0,0.0,0.2,0.5,Jointly-driven
7,syn/con1/20847/14/108801,342,363,496,0.0,0.0,0.0,0.6,0.0,Jointly-driven
7,syn/con2/22956/9/98028,49,68,1011,0.0,0.0,0.0,0.8,0.0,STI-driven
7,syn/con2/23197/5/120003,5,5,592,0.38685280723454163,0.38685280723454163,0.0,0.8,0.0,STI-driven
7,syn/con3/21621/2/79278,396,395,1464,0.0,0.0,0.0,0.7,0.0,Jointly-driven
7,syn/con2/21305/6/106388,29,29,1942,0.0,0.0,0.0,0.8,0.0,Jointly-driven
7,syn/ove3/21035/8/111540,12,24,53,0.0,0.0,0.0,0.8,0.1,Jointly-driven
7,syn/con1/21116/3/182709,5,5,2405,0.38685280723454163,0.38685280723454163,0.0,0.9,0.0,STI-driven
7,syn/con3/20112/12/85082,3926,2733,5040,0.0,0.0,0.0,0.3,0.1,Jointly-driven
7,syn/con2/21780/13/178715,5,5,793,0.38685280723454163,0.38685280723454163,0.0,0.8,0.0,Jointly-driven
7,syn/con3/20732/13/159885,468,1024,282,0.0,0.0,0.0,0.3,0.0,Jointly-driven
7,syn/con2/21852/8/131730,500,294,1682,0.0,0.0,0.0,0.7,0.4,STI-driven
7,syn/ove2/22059/5/204963,9,9,182,0.3010299956639812,0.3010299956639812,0.0,1.0,0.0,STI-driven
7,syn/ove2/23190/6/125431,8,10,470,0.31546487678572877,0.2890648263178879,0.0,0.9,0.0,STI-driven
7,syn/con3/22556/15/108278,5091,5141,3436,0.0,0.0,0.0,0.7,0.3,Jointly-driven
7,syn/con3/21402/3/114560,2002,2089,1525,0.0,0.0,0.0,0.4,0.2,Jointly-driven
7,syn/con2/21362/4/168664,3394,3682,1777,0.0,0.0,0.0,0.8,0.1,STI-driven
7,syn/con2/20848/7/128782,3864,4983,1893,0.0,0.0,0.0,0.6,0.4,Jointly-driven
7,syn/con3/20057/7/136632,23,33,120,0.0,0.0,0.0,0.4,0.2,Jointly-driven
7,syn/con1/22009/10/197186,29,31,971,0.0,0.0,0.0,0.8,0.0,STI-driven
7,syn/con2/20378/3/188302,642,1869,71,0.0,0.0,0.0,0.5,0.3,Jointly-driven
7,syn/ove1/21204/13/205163,21,43,50,0.0,0.0,0.0,0.8,0.1,Jointly-driven
7,syn/con2/20900/9/90975,2984,2650,4330,0.0,0.0,0.0,0.9,0.4,STI-driven
7,syn/con1/20820/10/159885,1794,841,3540,0.0,0.0,0.0,0.7,0.3,Jointly-driven
7,syn/ove1/21913/6/147669,13,12,602,0.0,0.0,0.0,0.9,0.0,STI-driven
7,syn/ove1/22955/4/166583,629,556,1873,0.0,0.0,0.0,0.9,0.1,Jointly-driven
7,syn/ove1/21657/4/129966,18,18,3220,0.0,0.0,0.0,1.0,0.0,STI-driven
7,syn/ove1/21891/12/142823,346,388,472,0.0,0.0,0.0,0.7,0.1,Jointly-driven
7,syn/ove2/22190/5/205435,38,34,3015,0.0,0.0,0.0,0.8,0.0,Jointly-driven
7,syn/con3/21868/11/116125,910,409,2443,0.0,0.0,0.0,0.3,0.4,Jointly-driven
7,syn/con2/22298/12/204870,443,194,2512,0.0,0.0,0.0,0.4,0.5,Jointly-driven
7,syn/ove2/21863/2/204870,326,429,254,0.0,0.0,0.0,0.9,0.0,Jointly-driven
7,syn/con2/21788/6/134719,1501,1057,2138,0.0,0.0,0.0,0.5,0.4,Jointly-driven
7,syn/ove1/22326/13/152521,5,7,74,0.38685280723454163,0.3333333333333333,0.0,1.0,0.0,STI-driven
7,syn/ove3/21695/7/113035,360,190,5760,0.0,0.0,0.0,0.9,0.0,Jointly-driven
7,syn/ove2/23190/13/112792,3,3,8,0.5,0.5,0.31546487678572877,0.9,0.1,STI-driven
7,syn/con1/22036/8/100646,620,1193,269,0.0,0.0,0.0,0.4,0.1,Jointly-driven
7,syn/con3/20995/11/204974,36,147,7,0.0,0.0,0.3333333333333333,0.5,0.2,Jointly-driven
7,syn/con1/21368/10/126656,384,874,85,0.0,0.0,0.0,0.8,0.1,STI-driven
7,syn/con2/20974/9/205430,883,1479,547,0.0,0.0,0.0,0.5,0.3,Jointly-driven
7,syn/con1/22760/7/134064,171,274,585,0.0,0.0,0.0,0.2,0.1,Jointly-driven
7,syn/ove2/20909/3/78340,10,11,662,0.2890648263178879,0.0,0.0,0.9,0.0,STI-driven
7,syn/con1/21905/3/141578,620,951,295,0.0,0.0,0.0,0.8,0.2,STI-driven
7,syn/con1/21530/6/161313,678,552,1328,0.0,0.0,0.0,0.4,0.1,Jointly-driven
7,syn/con1/21410/8/202190,2122,3948,146,0.0,0.0,0.0,0.4,0.2,Jointly-driven
7,syn/ove1/20712/5/206021,96,69,2784,0.0,0.0,0.0,0.9,0.1,Jointly-driven
7,syn/ove3/21841/6/200228,134,160,65,0.0,0.0,0.0,0.8,0.1,Jointly-driven
7,syn/con3/22999/13/198004,139,127,523,0.0,0.0,0.0,0.9,0.3,STI-driven
7,syn/ove3/22556/13/163708,670,522,1273,0.0,0.0,0.0,0.8,0.2,Jointly-driven
7,syn/con3/23164/3/88463,8,14,34,0.31546487678572877,0.0,0.0,0.8,0.0,STI-driven
7,syn/con1/21783/15/178502,120,119,557,0.0,0.0,0.0,0.7,0.0,Jointly-driven
7,syn/con3/20737/14/204870,86,207,171,0.0,0.0,0.0,0.4,0.5,Jointly-driven
7,syn/ove3/23150/2/206087,3039,3146,1744,0.0,0.0,0.0,0.8,0.0,Jointly-driven
7,syn/con2/21287/2/157187,5269,4795,5404,0.0,0.0,0.0,0.5,0.2,Jointly-driven
7,syn/con2/21913/10/193041,1970,1154,2942,0.0,0.0,0.0,0.6,0.5,Jointly-driven
7,syn/con3/20949/8/114633,1376,1794,1822,0.0,0.0,0.0,0.3,0.4,Jointly-driven
7,syn/con3/22548/10/90253,785,2819,309,0.0,0.0,0.0,0.8,0.1,STI-driven
7,syn/con3/22158/12/78504,21,23,627,0.0,0.0,0.0,1.0,0.0,STI-driven
7,syn/con1/22326/13/91332,21,22,272,0.0,0.0,0.0,0.9,0.0,STI-driven
7,syn/con3/21876/4/112069,132,116,885,0.0,0.0,0.0,0.8,0.1,STI-driven
7,syn/ove3/21781/15/111918,73,83,508,0.0,0.0,0.0,0.9,0.0,Jointly-driven
7,syn/con1/21405/8/160038,522,258,1334,0.0,0.0,0.0,0.5,0.3,Jointly-driven
7,syn/con2/21710/13/169487,535,449,847,0.0,0.0,0.0,0.6,0.6,Jointly-driven
7,syn/con2/23298/6/184089,1280,996,1894,0.0,0.0,0.0,0.4,0.3,Jointly-driven
7,syn/con3/21985/10/204899,513,187,2678,0.0,0.0,0.0,0.4,0.2,Jointly-driven
7,syn/con3/21026/8/78186,214,90,1744,0.0,0.0,0.0,0.5,0.3,Jointly-driven
7,syn/con3/22158/6/134106,23,25,373,0.0,0.0,0.0,0.9,0.0,STI-driven
7,syn/con2/21852/6/107420,1259,506,3316,0.0,0.0,0.0,0.6,0.2,Jointly-driven
7,syn/con1/22482/11/159885,33,29,1778,0.0,0.0,0.0,1.0,0.0,STI-driven
7,syn/con3/21530/6/101794,180,132,1299,0.0,0.0,0.0,0.8,0.1,Jointly-driven
7,syn/ove2/21926/2/146872,34,35,563,0.0,0.0,0.0,0.9,0.0,STI-driven
7,syn/con1/22161/5/184206,1078,765,1660,0.0,0.0,0.0,0.7,0.1,STI-driven
7,syn/ove2/21689/5/194583,2,2,1799,0.6309297535714575,0.6309297535714575,0.0,1.0,0.0,STI-driven
7,syn/ove3/20454/10/152496,5,8,865,0.38685280723454163,0.31546487678572877,0.0,0.8,0.0,Jointly-driven
7,syn/con1/23199/13/115250,126,105,1128,0.0,0.0,0.0,0.9,0.0,Jointly-driven
7,syn/con2/21911/7/76781,35,33,1020,0.0,0.0,0.0,1.0,0.0,STI-driven
7,syn/con2/21315/16/107420,396,190,2309,0.0,0.0,0.0,0.4,0.1,Jointly-driven
7,syn/ove1/20949/11/137424,16,16,503,0.0,0.0,0.0,0.8,0.0,STI-driven
7,syn/ove1/21657/7/147934,11,12,821,0.0,0.0,0.0,0.9,0.0,STI-driven
